cpd_name,pred_DNN,label,dataset,Smiles,potentialSOMs,source
MOL021,1,1,train,c1cnc(NCCNc2cnc3ccccc3n2)nc1,5,"Cruciani, G., et al., J. Med. Chem. 2018. 61(1): p. 360-371."
MOL022,0,0,train,O=[N+]([O-])c1cccc2cnncc12,3,"Cruciani, G., et al., J. Med. Chem. 2018. 61(1): p. 360-371."
MOL023,1,1,train,Nc1cccc2cnncc12,3,"Cruciani, G., et al., J. Med. Chem. 2018. 61(1): p. 360-371."
MOL024,0,0,train,O=S(=O)(Nc1ccc(-c2cn3cccnc3n2)cc1)c1ccc(Cl)cc1,3,"Cruciani, G., et al., J. Med. Chem. 2018. 61(1): p. 360-371."
MOL025,0,0,train,O=C(c1ccccn1)c1cc2ccccc2cn1,4,"Cruciani, G., et al., J. Med. Chem. 2018. 61(1): p. 360-371."
MOL026,0,0,train,c1ccc(-c2ccc(-c3cnc4ccccc4n3)cc2)cc1,3,"Cruciani, G., et al., J. Med. Chem. 2018. 61(1): p. 360-371."
MOL027,0,0,train,CN(C(=O)c1ccccn1)c1ccccc1Cl,2,"Cruciani, G., et al., J. Med. Chem. 2018. 61(1): p. 360-371."
MOL028,0,0,train,CN(C(=O)c1ccccn1)c1cccc(Cl)c1,2,"Cruciani, G., et al., J. Med. Chem. 2018. 61(1): p. 360-371."
MOL029,1,0,train,O=S(=O)(c1ccc2ncccc2c1)n1nnc2ccccc21,4,"Cruciani, G., et al., J. Med. Chem. 2018. 61(1): p. 360-371."
MOL030,1,1,train,CCN(CC)S(=O)(=O)c1ccc2nccc(C)c2c1,2,"Cruciani, G., et al., J. Med. Chem. 2018. 61(1): p. 360-371."
MOL031,1,1,train,c1cnc(N2CCN(c3cnc4ccccc4n3)CC2)nc1,5,"Cruciani, G., et al., J. Med. Chem. 2018. 61(1): p. 360-371."
MOL032,0,0,train,O=C(Nc1ccccc1Cl)c1ccccn1,2,"Cruciani, G., et al., J. Med. Chem. 2018. 61(1): p. 360-371."
MOL033,0,0,train,O=C(Nc1cccc(Cl)c1)c1ccccn1,2,"Cruciani, G., et al., J. Med. Chem. 2018. 61(1): p. 360-371."
MOL034,0,0,train,Nc1cc[nH]c(=O)n1,1,"Cruciani, G., et al., J. Med. Chem. 2018. 61(1): p. 360-371."
MOL035,0,0,train,c1ccc2[nH]cnc2c1,1,"Cruciani, G., et al., J. Med. Chem. 2018. 61(1): p. 360-371."
MOL036,0,0,train,N=C(N)c1ncccn1,2,"Cruciani, G., et al., J. Med. Chem. 2018. 61(1): p. 360-371."
MOL038,1,1,train,c1ccc2ncccc2c1,3,"Cruciani, G., et al., J. Med. Chem. 2018. 61(1): p. 360-371."
MOL039,1,1,train,c1ccc2nccnc2c1,2,"Cruciani, G., et al., J. Med. Chem. 2018. 61(1): p. 360-371."
MOL040,0,0,train,Nc1ccc2[nH]ccc2n1,2,"Cruciani, G., et al., J. Med. Chem. 2018. 61(1): p. 360-371."
MOL041,0,0,train,CCCCc1cccnc1,3,"Cruciani, G., et al., J. Med. Chem. 2018. 61(1): p. 360-371."
MOL042,0,0,train,COC(=O)c1cccnc1,3,"Cruciani, G., et al., J. Med. Chem. 2018. 61(1): p. 360-371."
MOL043,0,0,train,Cc1ncc(CN)c(N)n1,2,"Cruciani, G., et al., J. Med. Chem. 2018. 61(1): p. 360-371."
MOL044,0,0,train,Cc1ccc2ncccc2c1,3,"Cruciani, G., et al., J. Med. Chem. 2018. 61(1): p. 360-371."
MOL045,1,1,train,Cc1ccc2cccnc2c1,2,"Cruciani, G., et al., J. Med. Chem. 2018. 61(1): p. 360-371."
MOL046,0,0,train,c1ccc(-c2c[nH]cn2)cc1,1,"Cruciani, G., et al., J. Med. Chem. 2018. 61(1): p. 360-371."
MOL047,1,1,train,Cc1ncc2ccccc2n1,4,"Cruciani, G., et al., J. Med. Chem. 2018. 61(1): p. 360-371."
MOL048,1,1,train,Cc1ccc2ncncc2c1,4,"Cruciani, G., et al., J. Med. Chem. 2018. 61(1): p. 360-371."
MOL049,1,1,train,Cc1cnc2ccccc2n1,3,"Cruciani, G., et al., J. Med. Chem. 2018. 61(1): p. 360-371."
MOL050,1,1,train,Oc1cccc2cccnc12,3,"Cruciani, G., et al., J. Med. Chem. 2018. 61(1): p. 360-371."
MOL051,1,1,train,Nc1ccc2cncnc2c1,3,"Cruciani, G., et al., J. Med. Chem. 2018. 61(1): p. 360-371."
MOL052,1,1,train,Nc1ccc2ncncc2c1,6,"Cruciani, G., et al., J. Med. Chem. 2018. 61(1): p. 360-371."
MOL053,1,1,train,C[n+]1cc2ccccc2cn1,4,"Cruciani, G., et al., J. Med. Chem. 2018. 61(1): p. 360-371."
MOL054,0,0,train,[O-][n+]1cc2ccccc2cn1,4,"Cruciani, G., et al., J. Med. Chem. 2018. 61(1): p. 360-371."
MOL055,0,0,train,Oc1cnnc2ccccc12,2,"Cruciani, G., et al., J. Med. Chem. 2018. 61(1): p. 360-371."
MOL056,1,1,train,Oc1cnc2ccccc2n1,3,"Cruciani, G., et al., J. Med. Chem. 2018. 61(1): p. 360-371."
MOL057,1,0,train,Oc1ncnc2cnccc12,5,"Cruciani, G., et al., J. Med. Chem. 2018. 61(1): p. 360-371."
MOL058,0,0,train,Cn1cc2cn[nH]c(=O)c2n1,3,"Cruciani, G., et al., J. Med. Chem. 2018. 61(1): p. 360-371."
MOL059,1,1,train,Clc1cc2nc[nH]c2nn1,2,"Cruciani, G., et al., J. Med. Chem. 2018. 61(1): p. 360-371."
MOL060,1,1,train,N#Cc1ccnc2ccccc12,2,"Cruciani, G., et al., J. Med. Chem. 2018. 61(1): p. 360-371."
MOL061,0,0,train,c1ccc(-c2ccccn2)nc1,2,"Cruciani, G., et al., J. Med. Chem. 2018. 61(1): p. 360-371."
MOL062,0,0,train,Nc1ccc(O)c2cccnc12,2,"Cruciani, G., et al., J. Med. Chem. 2018. 61(1): p. 360-371."
MOL063,1,1,train,Cc1ccc2ncnc(O)c2c1,4,"Cruciani, G., et al., J. Med. Chem. 2018. 61(1): p. 360-371."
MOL064,1,1,train,COc1nncc2ccccc12,3,"Cruciani, G., et al., J. Med. Chem. 2018. 61(1): p. 360-371."
MOL065,1,1,train,CC(=O)n1ncc2ccncc21,4,"Cruciani, G., et al., J. Med. Chem. 2018. 61(1): p. 360-371."
MOL066,1,1,train,C[N+]1=CCC[C@H]1c1cccnc1,4,"Cruciani, G., et al., J. Med. Chem. 2018. 61(1): p. 360-371."
MOL067,0,0,train,[O-][n+]1cc2ccccc2c[n+]1[O-],2,"Cruciani, G., et al., J. Med. Chem. 2018. 61(1): p. 360-371."
MOL068,0,0,train,CN1CCC[C@@H]1c1cccnc1,3,"Cruciani, G., et al., J. Med. Chem. 2018. 61(1): p. 360-371."
MOL069,0,0,train,O=[N+]([O-])c1ccc2nccn2c1,1,"Cruciani, G., et al., J. Med. Chem. 2018. 61(1): p. 360-371."
MOL070,1,1,train,Clc1nncc2ccccc12,3,"Cruciani, G., et al., J. Med. Chem. 2018. 61(1): p. 360-371."
MOL071,1,1,train,Sc1ncnc2ncncc12,8,"Cruciani, G., et al., J. Med. Chem. 2018. 61(1): p. 360-371."
MOL072,0,0,train,Oc1nc(O)c2cnncc2n1,2,"Cruciani, G., et al., J. Med. Chem. 2018. 61(1): p. 360-371."
MOL073,0,0,train,CCc1cc(C(N)=S)ccn1,1,"Cruciani, G., et al., J. Med. Chem. 2018. 61(1): p. 360-371."
MOL074,1,1,train,Nc1nc(S)c2nc[nH]c2n1,1,"Cruciani, G., et al., J. Med. Chem. 2018. 61(1): p. 360-371."
MOL075,1,1,train,Nc1nc(Cl)c2nc[nH]c2n1,1,"Cruciani, G., et al., J. Med. Chem. 2018. 61(1): p. 360-371."
MOL076,0,0,train,O=[N+]([O-])c1ccc2cccnc2c1,2,"Cruciani, G., et al., J. Med. Chem. 2018. 61(1): p. 360-371."
MOL077,0,0,train,O=[N+]([O-])c1cnc2ccccc2c1,3,"Cruciani, G., et al., J. Med. Chem. 2018. 61(1): p. 360-371."
MOL078,1,1,train,O=[N+]([O-])c1cccc2ncccc12,3,"Cruciani, G., et al., J. Med. Chem. 2018. 61(1): p. 360-371."
MOL079,1,1,train,CCOc1nncc2ccccc12,3,"Cruciani, G., et al., J. Med. Chem. 2018. 61(1): p. 360-371."
MOL080,1,1,train,O=[N+]([O-])c1ccc2ncncc2c1,6,"Cruciani, G., et al., J. Med. Chem. 2018. 61(1): p. 360-371."
MOL081,1,1,train,CCc1cnc2c(=O)[nH]ncc2n1,2,"Cruciani, G., et al., J. Med. Chem. 2018. 61(1): p. 360-371."
MOL082,0,0,train,Cc1cnc2c(N)nc(N)nc2n1,1,"Cruciani, G., et al., J. Med. Chem. 2018. 61(1): p. 360-371."
MOL083,1,1,train,Cc1cnc2nc(N)nc(N)c2n1,2,"Cruciani, G., et al., J. Med. Chem. 2018. 61(1): p. 360-371."
MOL084,0,0,train,c1cnc2c(c1)ccc1cccnc12,2,"Cruciani, G., et al., J. Med. Chem. 2018. 61(1): p. 360-371."
MOL085,0,0,train,Cc1nc2ccccc2n2cnnc12,1,"Cruciani, G., et al., J. Med. Chem. 2018. 61(1): p. 360-371."
MOL086,0,0,train,Cc1nc(-c2ccccn2)cc(=O)[nH]1,2,"Cruciani, G., et al., J. Med. Chem. 2018. 61(1): p. 360-371."
MOL087,0,0,train,CNC(=O)c1cnc2ccccc2n1,3,"Cruciani, G., et al., J. Med. Chem. 2018. 61(1): p. 360-371."
MOL088,0,0,train,O=C(Nc1cccnc1)c1ccc[nH]1,3,"Cruciani, G., et al., J. Med. Chem. 2018. 61(1): p. 360-371."
MOL089,0,0,train,COC(=O)C(C#N)=Cc1ccncc1,1,"Cruciani, G., et al., J. Med. Chem. 2018. 61(1): p. 360-371."
MOL090,0,0,train,COC(=O)C(C#N)=Cc1cccnc1,3,"Cruciani, G., et al., J. Med. Chem. 2018. 61(1): p. 360-371."
MOL091,0,0,train,CC1=NC(=Cc2cccnc2)C(=O)O1,3,"Cruciani, G., et al., J. Med. Chem. 2018. 61(1): p. 360-371."
MOL092,1,1,train,COc1cc2cnncc2cc1OC,2,"Cruciani, G., et al., J. Med. Chem. 2018. 61(1): p. 360-371."
MOL093,0,0,train,CCCc1[nH]c2ncnc(N)c2c1C,2,"Cruciani, G., et al., J. Med. Chem. 2018. 61(1): p. 360-371."
MOL094,0,0,train,O=[N+]([O-])c1cnc2cnccc2c1O,3,"Cruciani, G., et al., J. Med. Chem. 2018. 61(1): p. 360-371."
MOL095,0,0,train,C=CCNc1nc2cccnc2s1,2,"Cruciani, G., et al., J. Med. Chem. 2018. 61(1): p. 360-371."
MOL096,1,1,train,CCOC(=O)c1cc2nccn2cn1,1,"Cruciani, G., et al., J. Med. Chem. 2018. 61(1): p. 360-371."
MOL097,1,1,train,C#CCn1cnc2c(Cl)ncnc21,3,"Cruciani, G., et al., J. Med. Chem. 2018. 61(1): p. 360-371."
MOL098,1,1,train,CSc1ncc2ccc(=O)[nH]c2n1,2,"Cruciani, G., et al., J. Med. Chem. 2018. 61(1): p. 360-371."
MOL099,0,0,train,Cc1nc2ccnc(Cl)c2nc1C,2,"Cruciani, G., et al., J. Med. Chem. 2018. 61(1): p. 360-371."
MOL100,0,0,train,c1ccc(-c2c[nH]c3ccncc23)cc1,2,"Cruciani, G., et al., J. Med. Chem. 2018. 61(1): p. 360-371."
MOL101,1,1,train,N#Cc1cncc(Nc2ccccc2)n1,2,"Cruciani, G., et al., J. Med. Chem. 2018. 61(1): p. 360-371."
MOL102,1,1,train,Brc1cnc2cncn2c1,3,"Cruciani, G., et al., J. Med. Chem. 2018. 61(1): p. 360-371."
MOL103,1,1,train,FC(F)(F)c1cccc2ncccc12,3,"Cruciani, G., et al., J. Med. Chem. 2018. 61(1): p. 360-371."
MOL104,1,1,train,c1cncc(-c2ccnc3ncnn23)c1,6,"Cruciani, G., et al., J. Med. Chem. 2018. 61(1): p. 360-371."
MOL105,0,0,train,O=c1[nH]c2cccc[n+]2c2ccccc12,2,"Cruciani, G., et al., J. Med. Chem. 2018. 61(1): p. 360-371."
MOL106,0,0,train,O=C(Nc1cccnc1)c1ccccn1,5,"Cruciani, G., et al., J. Med. Chem. 2018. 61(1): p. 360-371."
MOL107,0,0,train,O=C(Nc1ccncc1)c1ccccn1,3,"Cruciani, G., et al., J. Med. Chem. 2018. 61(1): p. 360-371."
MOL108,0,1,train,NC(=O)c1cncc(-c2ccccc2)n1,2,"Cruciani, G., et al., J. Med. Chem. 2018. 61(1): p. 360-371."
MOL109,0,0,train,COc1ncnc(-c2ccccc2)c1C,2,"Cruciani, G., et al., J. Med. Chem. 2018. 61(1): p. 360-371."
MOL110,0,0,train,Sc1ncccc1Nc1ncccn1,4,"Cruciani, G., et al., J. Med. Chem. 2018. 61(1): p. 360-371."
MOL111,1,1,train,OCC(CO)c1ncnc2ccccc12,4,"Cruciani, G., et al., J. Med. Chem. 2018. 61(1): p. 360-371."
MOL112,0,0,train,N#Cc1cc2cccnc2c2ncccc12,4,"Cruciani, G., et al., J. Med. Chem. 2018. 61(1): p. 360-371."
MOL113,0,0,train,Cc1nn2cc(CCCO)cnc2c1C,2,"Cruciani, G., et al., J. Med. Chem. 2018. 61(1): p. 360-371."
MOL114,1,1,train,c1ccc(-c2ccc3ncncc3c2)cc1,6,"Cruciani, G., et al., J. Med. Chem. 2018. 61(1): p. 360-371."
MOL115,1,1,train,c1ccc(-c2nncc3ccccc23)cc1,3,"Cruciani, G., et al., J. Med. Chem. 2018. 61(1): p. 360-371."
MOL116,0,0,train,Brc1ccc2ncccc2c1,3,"Cruciani, G., et al., J. Med. Chem. 2018. 61(1): p. 360-371."
MOL117,1,1,train,Brc1ccc2ncncc2c1,6,"Cruciani, G., et al., J. Med. Chem. 2018. 61(1): p. 360-371."
MOL118,1,1,train,Brc1ccc2nccnc2c1,3,"Cruciani, G., et al., J. Med. Chem. 2018. 61(1): p. 360-371."
MOL119,1,1,train,Brc1cnc2ncccc2c1,6,"Cruciani, G., et al., J. Med. Chem. 2018. 61(1): p. 360-371."
MOL120,1,1,train,Cc1ncc2ncn(COCCO)c2n1,3,"Cruciani, G., et al., J. Med. Chem. 2018. 61(1): p. 360-371."
MOL121,0,0,train,c1ccc(Cn2ccc3ccncc32)cc1,2,"Cruciani, G., et al., J. Med. Chem. 2018. 61(1): p. 360-371."
MOL123,1,1,train,c1ccc(Nc2nnc3ncccn23)cc1,3,"Cruciani, G., et al., J. Med. Chem. 2018. 61(1): p. 360-371."
MOL124,0,0,train,Cc1ccc(NC(=O)c2ccccn2)cc1,2,"Cruciani, G., et al., J. Med. Chem. 2018. 61(1): p. 360-371."
MOL125,0,0,train,Cc1ccc(C)c(NCc2cccnc2)c1,3,"Cruciani, G., et al., J. Med. Chem. 2018. 61(1): p. 360-371."
MOL127,0,0,train,O=C(NCc1ccccc1)c1cnccn1,3,"Cruciani, G., et al., J. Med. Chem. 2018. 61(1): p. 360-371."
MOL128,1,1,train,c1ccc2c(NC3=NCCN3)nncc2c1,3,"Cruciani, G., et al., J. Med. Chem. 2018. 61(1): p. 360-371."
MOL129,1,1,train,c1ccc2c(N3CCCCC3)ncnc2c1,4,"Cruciani, G., et al., J. Med. Chem. 2018. 61(1): p. 360-371."
MOL130,1,1,train,c1ccc2c(N3CCOCC3)nncc2c1,3,"Cruciani, G., et al., J. Med. Chem. 2018. 61(1): p. 360-371."
MOL131,0,0,train,O=C(NCCO)c1cccc2cccnc12,3,"Cruciani, G., et al., J. Med. Chem. 2018. 61(1): p. 360-371."
MOL132,1,1,train,CN(C)CCNc1nncc2ccccc12,3,"Cruciani, G., et al., J. Med. Chem. 2018. 61(1): p. 360-371."
MOL133,0,0,train,CCC(=O)c1cnc2c(N)nc(N)nc2n1,1,"Cruciani, G., et al., J. Med. Chem. 2018. 61(1): p. 360-371."
MOL134,1,1,train,CCCCNc1nc(N)c2nccnc2n1,3,"Cruciani, G., et al., J. Med. Chem. 2018. 61(1): p. 360-371."
MOL135,0,0,train,Cc1ncc(-c2ccccc2)c2ccccc12,2,"Cruciani, G., et al., J. Med. Chem. 2018. 61(1): p. 360-371."
MOL136,0,0,train,Nc1ccc2nc(-c3ccccc3)cnc2c1,2,"Cruciani, G., et al., J. Med. Chem. 2018. 61(1): p. 360-371."
MOL137,1,1,train,c1ccc(C[n+]2cc3ccccc3cn2)cc1,4,"Cruciani, G., et al., J. Med. Chem. 2018. 61(1): p. 360-371."
MOL138,0,0,train,Cc1cnnc2ccc(Br)cc12,3,"Cruciani, G., et al., J. Med. Chem. 2018. 61(1): p. 360-371."
MOL139,1,1,train,c1ccc(Oc2nncc3ccccc23)cc1,3,"Cruciani, G., et al., J. Med. Chem. 2018. 61(1): p. 360-371."
MOL140,1,1,train,c1ccc(Nc2nncc3ccccc23)nc1,5,"Cruciani, G., et al., J. Med. Chem. 2018. 61(1): p. 360-371."
MOL141,1,1,train,c1cc[n+](Cc2ncc3ccccc3n2)cc1,6,"Cruciani, G., et al., J. Med. Chem. 2018. 61(1): p. 360-371."
MOL143,0,0,train,Oc1nccc2cc(Br)cnc12,3,"Cruciani, G., et al., J. Med. Chem. 2018. 61(1): p. 360-371."
MOL144,1,1,train,COc1cc2cnnc(Cl)c2cc1OC,3,"Cruciani, G., et al., J. Med. Chem. 2018. 61(1): p. 360-371."
MOL145,0,0,train,O=C(c1cnc2ccccc2n1)c1ccco1,3,"Cruciani, G., et al., J. Med. Chem. 2018. 61(1): p. 360-371."
MOL147,1,1,train,Nc1nc(Oc2ccccc2)c2nc[nH]c2n1,1,"Cruciani, G., et al., J. Med. Chem. 2018. 61(1): p. 360-371."
MOL148,1,1,train,CN1CCN(c2ccnc3ccccc23)CC1,2,"Cruciani, G., et al., J. Med. Chem. 2018. 61(1): p. 360-371."
MOL149,1,1,train,Clc1ccc(-c2nc3ccncc3[nH]2)cc1,2,"Cruciani, G., et al., J. Med. Chem. 2018. 61(1): p. 360-371."
MOL150,0,0,train,CC(=O)NCCOc1cccc2cccnc12,3,"Cruciani, G., et al., J. Med. Chem. 2018. 61(1): p. 360-371."
MOL151,0,0,train,Cc1cc(NC2CCCCC2)n2ncnc2c1,1,"Cruciani, G., et al., J. Med. Chem. 2018. 61(1): p. 360-371."
MOL152,0,0,train,CCn1cc(C(=O)O)c(=O)c2ccc(C)nc21,1,"Cruciani, G., et al., J. Med. Chem. 2018. 61(1): p. 360-371."
MOL153,0,0,train,c1ccc(-c2cc(-c3ccccc3)ncn2)cc1,1,"Cruciani, G., et al., J. Med. Chem. 2018. 61(1): p. 360-371."
MOL154,1,1,train,Nc1ncnc2nc(N3CCOCC3)ncc12,6,"Cruciani, G., et al., J. Med. Chem. 2018. 61(1): p. 360-371."
MOL155,1,1,train,C(=Cc1ncc2ccccc2n1)c1cccnc1,7,"Cruciani, G., et al., J. Med. Chem. 2018. 61(1): p. 360-371."
MOL156,0,0,train,C[n+]1c(-c2ccc(C#N)cc2)cn2ccccc21,1,"Cruciani, G., et al., J. Med. Chem. 2018. 61(1): p. 360-371."
MOL157,1,1,train,Cc1cc[n+](Cc2ccccc2)c2ccccc12,2,"Cruciani, G., et al., J. Med. Chem. 2018. 61(1): p. 360-371."
MOL158,0,0,train,O=C1CSC(CC(=O)Nc2ccccn2)=N1,2,"Cruciani, G., et al., J. Med. Chem. 2018. 61(1): p. 360-371."
MOL159,0,0,train,O=c1nc[nH]c2c1ncn2[C@H]1CC[C@@H](CO)O1,2,"Cruciani, G., et al., J. Med. Chem. 2018. 61(1): p. 360-371."
MOL160,1,1,train,Nc1cccc(Oc2ccnc3ccccc23)c1,2,"Cruciani, G., et al., J. Med. Chem. 2018. 61(1): p. 360-371."
MOL161,1,1,train,c1ccc(CNc2ncnc3nccnc23)cc1,6,"Cruciani, G., et al., J. Med. Chem. 2018. 61(1): p. 360-371."
MOL163,0,0,train,CC(O)Cn1cnc2c1c(=O)n(C)c(=O)n2C,1,"Cruciani, G., et al., J. Med. Chem. 2018. 61(1): p. 360-371."
MOL164,0,0,train,Cn1c2cccnc2n2c(=O)cc(N)c(C#N)c12,2,"Cruciani, G., et al., J. Med. Chem. 2018. 61(1): p. 360-371."
MOL165,1,1,train,CCn1cc(Nc2ccc3nccnc3n2)cn1,7,"Cruciani, G., et al., J. Med. Chem. 2018. 61(1): p. 360-371."
MOL166,0,0,train,CC(C)Cn1cnc2c(N)nc3ccccc3c21,2,"Cruciani, G., et al., J. Med. Chem. 2018. 61(1): p. 360-371."
MOL167,1,1,train,Nc1nc(OCc2ccccc2)c2nc[nH]c2n1,1,"Cruciani, G., et al., J. Med. Chem. 2018. 61(1): p. 360-371."
MOL168,0,0,train,CN(C)c1ccc(NC(=O)c2cccnc2)cc1,3,"Cruciani, G., et al., J. Med. Chem. 2018. 61(1): p. 360-371."
MOL170,0,0,train,c1cnc(CSc2nccn3ccnc23)nc1,2,"Cruciani, G., et al., J. Med. Chem. 2018. 61(1): p. 360-371."
MOL171,0,0,train,Nc1ccn([C@H]2O[C@@H](CO)[C@H](O)[C@@H]2O)c(=O)n1,1,"Cruciani, G., et al., J. Med. Chem. 2018. 61(1): p. 360-371."
MOL172,1,1,train,CC(C)(C)NC(=O)Nc1cccc2cnccc12,3,"Cruciani, G., et al., J. Med. Chem. 2018. 61(1): p. 360-371."
MOL173,0,0,train,CC(CCN(C)C)Nc1ccnc2ccccc12,2,"Cruciani, G., et al., J. Med. Chem. 2018. 61(1): p. 360-371."
MOL174,0,1,train,Clc1ncnc2c1ncn2Cc1ccccc1,3,"Cruciani, G., et al., J. Med. Chem. 2018. 61(1): p. 360-371."
MOL175,0,0,train,c1ccc(-c2cn3ccc4ccccc4c3n2)cc1,1,"Cruciani, G., et al., J. Med. Chem. 2018. 61(1): p. 360-371."
MOL176,1,1,train,Clc1ccc(Nc2nnc3ncccn23)cc1,3,"Cruciani, G., et al., J. Med. Chem. 2018. 61(1): p. 360-371."
MOL177,0,0,train,Cc1c(-c2ccccc2)ncnc1-c1ccccc1,1,"Cruciani, G., et al., J. Med. Chem. 2018. 61(1): p. 360-371."
MOL178,0,0,train,Nc1ccc(C=Cc2ccc3ncccc3c2)cc1,3,"Cruciani, G., et al., J. Med. Chem. 2018. 61(1): p. 360-371."
MOL179,0,1,train,Nc1ccc(C=Cc2ccc3cccnc3c2)cc1,2,"Cruciani, G., et al., J. Med. Chem. 2018. 61(1): p. 360-371."
MOL180,1,1,train,Fc1cc2nccnc2cc1N1CCSCC1,2,"Cruciani, G., et al., J. Med. Chem. 2018. 61(1): p. 360-371."
MOL181,0,0,train,O=C(Oc1cccc2ccncc12)c1ccccc1,2,"Cruciani, G., et al., J. Med. Chem. 2018. 61(1): p. 360-371."
MOL182,0,0,train,CCS(=O)(=O)c1ncccc1S(N)(=O)=O,2,"Cruciani, G., et al., J. Med. Chem. 2018. 61(1): p. 360-371."
MOL183,1,1,train,O=C(Nc1cccc2cnncc12)c1ccccn1,5,"Cruciani, G., et al., J. Med. Chem. 2018. 61(1): p. 360-371."
MOL184,1,1,train,O=C(c1ccc(F)cc1)c1cnc2ccccc2c1,3,"Cruciani, G., et al., J. Med. Chem. 2018. 61(1): p. 360-371."
MOL185,0,0,train,OCCCNc1ccnc2cc3ccccc3cc12,1,"Cruciani, G., et al., J. Med. Chem. 2018. 61(1): p. 360-371."
MOL186,0,0,train,Cc1cc2c(N)c3ccc(N(C)C)cc3nc2cn1,1,"Cruciani, G., et al., J. Med. Chem. 2018. 61(1): p. 360-371."
MOL187,1,1,train,COc1ccc(-c2cnc3c(O)ncnc3n2)cc1,4,"Cruciani, G., et al., J. Med. Chem. 2018. 61(1): p. 360-371."
MOL188,0,0,train,Cc1c[n+](C)c(C=Cc2ccc(N(C)C)cc2)cn1,2,"Cruciani, G., et al., J. Med. Chem. 2018. 61(1): p. 360-371."
MOL189,1,0,train,CNc1ncnc2c1ncc1cc([N+](=O)[O-])ccc12,4,"Cruciani, G., et al., J. Med. Chem. 2018. 61(1): p. 360-371."
MOL191,0,0,train,Oc1ccc(-c2cnc3c(O)nc(O)nc3n2)cc1,1,"Cruciani, G., et al., J. Med. Chem. 2018. 61(1): p. 360-371."
MOL192,1,1,train,O=[N+]([O-])c1ccc(-c2nc(O)c3cnccn23)cc1,1,"Cruciani, G., et al., J. Med. Chem. 2018. 61(1): p. 360-371."
MOL193,1,1,train,Nc1ccccc1SCc1cn2cccnc2n1,2,"Cruciani, G., et al., J. Med. Chem. 2018. 61(1): p. 360-371."
MOL194,1,1,train,OCCC1CCN(c2nncc3ccccc23)CC1,3,"Cruciani, G., et al., J. Med. Chem. 2018. 61(1): p. 360-371."
MOL195,1,1,train,CCCCCCCCOc1ccc2ccncc2c1,3,"Cruciani, G., et al., J. Med. Chem. 2018. 61(1): p. 360-371."
MOL196,1,1,train,CC(C)CN(CC(C)C)c1ncnc2ccccc12,4,"Cruciani, G., et al., J. Med. Chem. 2018. 61(1): p. 360-371."
MOL197,0,0,train,COc1cc(N[C@H](C)CCCN)c2ncccc2c1,3,"Cruciani, G., et al., J. Med. Chem. 2018. 61(1): p. 360-371."
MOL198,0,0,train,O=C([O-])C[n+]1cn(NC(=O)Cc2ccccc2)cn1,2,"Cruciani, G., et al., J. Med. Chem. 2018. 61(1): p. 360-371."
MOL199,1,1,train,CC(=O)NCCCSc1ccnc2ccccc12,2,"Cruciani, G., et al., J. Med. Chem. 2018. 61(1): p. 360-371."
MOL201,0,0,train,COC(=O)NN=Cc1c[n+]([O-])c2ccccc2[n+]1[O-],3,"Cruciani, G., et al., J. Med. Chem. 2018. 61(1): p. 360-371."
MOL202,1,1,train,Cc1ccccc1NC(=O)c1ccnc2ccccc12,2,"Cruciani, G., et al., J. Med. Chem. 2018. 61(1): p. 360-371."
MOL203,0,0,train,O=C(O)c1[nH]cc2c3cccnc3c3ncccc3c12,4,"Cruciani, G., et al., J. Med. Chem. 2018. 61(1): p. 360-371."
MOL204,1,1,train,O=C(OCc1ccccc1)c1ccc2nccnc2c1,3,"Cruciani, G., et al., J. Med. Chem. 2018. 61(1): p. 360-371."
MOL205,0,0,train,CCN(CC)C(=O)CSc1nc2cccnc2[nH]1,2,"Cruciani, G., et al., J. Med. Chem. 2018. 61(1): p. 360-371."
MOL206,1,1,train,Cc1ccc(CNc2ncnc3ccncc23)c(C)c1,6,"Cruciani, G., et al., J. Med. Chem. 2018. 61(1): p. 360-371."
MOL207,0,0,train,Cc1ncc(C[n+]2csc(CCO)c2C)c(N)n1,3,"Cruciani, G., et al., J. Med. Chem. 2018. 61(1): p. 360-371."
MOL208,1,1,train,Cc1cc(Nc2ncnc3c2CC[C@@H]3O)ccc1C#N,2,"Cruciani, G., et al., J. Med. Chem. 2018. 61(1): p. 360-371."
MOL209,1,1,train,c1ccc2c(c1)OCCN2Cc1cnc2cnccn12,1,"Cruciani, G., et al., J. Med. Chem. 2018. 61(1): p. 360-371."
MOL210,0,0,train,CCCn1cnc2cc(NCc3ccncc3)ccc21,2,"Cruciani, G., et al., J. Med. Chem. 2018. 61(1): p. 360-371."
MOL211,0,0,train,Nc1ncnc2c1ncn2[C@@H]1O[C@H](CO)[C@@H](O)[C@H]1O,3,"Cruciani, G., et al., J. Med. Chem. 2018. 61(1): p. 360-371."
MOL212,0,0,train,COCCNCCn1cnc2c1c(=O)[nH]c(=O)n2C,1,"Cruciani, G., et al., J. Med. Chem. 2018. 61(1): p. 360-371."
MOL213,0,0,train,O=C(NCc1ccccc1F)c1cnn2ccccc12,1,"Cruciani, G., et al., J. Med. Chem. 2018. 61(1): p. 360-371."
MOL214,0,0,train,COc1ccc(CCNc2ccc3nncn3n2)cc1,3,"Cruciani, G., et al., J. Med. Chem. 2018. 61(1): p. 360-371."
MOL215,1,1,train,c1ccc2cc(Oc3nncc4ccccc34)ccc2c1,3,"Cruciani, G., et al., J. Med. Chem. 2018. 61(1): p. 360-371."
MOL216,1,1,train,O=c1c2ccccc2ncn1-c1ncnc2ccccc12,5,"Cruciani, G., et al., J. Med. Chem. 2018. 61(1): p. 360-371."
MOL217,0,0,train,N#CC(C(=O)c1cccnc1)c1cnc2ccccc2n1,6,"Cruciani, G., et al., J. Med. Chem. 2018. 61(1): p. 360-371."
MOL218,0,0,train,CN(C)c1ccc(C=Cc2nccc3ccccc23)cc1,2,"Cruciani, G., et al., J. Med. Chem. 2018. 61(1): p. 360-371."
MOL219,1,0,train,CCC(C(=O)c1ccc2ncccc2c1)c1ccccc1,3,"Cruciani, G., et al., J. Med. Chem. 2018. 61(1): p. 360-371."
MOL220,1,1,train,O=C(NCCc1ccccc1)c1ccc2nccnc2c1,3,"Cruciani, G., et al., J. Med. Chem. 2018. 61(1): p. 360-371."
MOL221,1,1,train,NC(=O)c1cnn(-c2cccc3ncccc23)c1C1CC1,4,"Cruciani, G., et al., J. Med. Chem. 2018. 61(1): p. 360-371."
MOL222,1,1,train,O=C(O)c1cnn(-c2cccc3ncccc23)c1C1CC1,4,"Cruciani, G., et al., J. Med. Chem. 2018. 61(1): p. 360-371."
MOL223,1,1,train,CC(=O)OCC(CO)CCn1cnc2cnc(N)nc21,3,"Cruciani, G., et al., J. Med. Chem. 2018. 61(1): p. 360-371."
MOL224,0,0,train,COc1cc(NS(=O)(=O)c2ccc(N)cc2)ncn1,2,"Cruciani, G., et al., J. Med. Chem. 2018. 61(1): p. 360-371."
MOL225,0,0,train,CC(C)Cn1ccnc1NC(=O)c1c[nH]c2cccnc12,3,"Cruciani, G., et al., J. Med. Chem. 2018. 61(1): p. 360-371."
MOL226,0,0,train,O=[N+]([O-])c1ccc(OCCn2cnc3ccccc32)cc1,1,"Cruciani, G., et al., J. Med. Chem. 2018. 61(1): p. 360-371."
MOL227,0,0,train,CCCNC(=O)c1cccc(NC(=O)c2ccncc2)c1,1,"Cruciani, G., et al., J. Med. Chem. 2018. 61(1): p. 360-371."
MOL229,0,0,train,O=S(=O)(Nc1ccccc1)c1cccc2ccncc12,2,"Cruciani, G., et al., J. Med. Chem. 2018. 61(1): p. 360-371."
MOL230,0,0,train,O=c1[nH]c(=O)c2ncn([C@@H]3O[C@H](CO)[C@@H](O)[C@H]3O)c2[nH]1,1,"Cruciani, G., et al., J. Med. Chem. 2018. 61(1): p. 360-371."
MOL231,0,0,train,CC(C)Cn1ccnc1NC(=O)c1cnn2ncccc12,3,"Cruciani, G., et al., J. Med. Chem. 2018. 61(1): p. 360-371."
MOL232,0,0,train,Nc1nc(Cl)nc2c1ncn2[C@H]1C[C@H](O)[C@@H](CO)O1,1,"Cruciani, G., et al., J. Med. Chem. 2018. 61(1): p. 360-371."
MOL233,0,0,train,Cc1cc(-c2ccccc2)n2ncc(-c3ccccc3)c2n1,1,"Cruciani, G., et al., J. Med. Chem. 2018. 61(1): p. 360-371."
MOL234,0,0,train,CNc1cc(C(=O)NC2(c3cccc(F)c3)CC2)ccn1,1,"Cruciani, G., et al., J. Med. Chem. 2018. 61(1): p. 360-371."
MOL235,1,1,train,CC(C)(C)CC(C)(C)NC(=O)c1ccc2nccnc2c1,3,"Cruciani, G., et al., J. Med. Chem. 2018. 61(1): p. 360-371."
MOL236,0,0,train,Cc1ccc(S(=O)(=O)c2cc3ccc(C)n3cn2)cc1,1,"Cruciani, G., et al., J. Med. Chem. 2018. 61(1): p. 360-371."
MOL237,1,1,train,Cc1ccc(-n2cc3cnnc(-c4ccccc4)c3n2)cc1,2,"Cruciani, G., et al., J. Med. Chem. 2018. 61(1): p. 360-371."
MOL238,0,0,train,C[C@H](Cn1cnc2c(N)ncnc21)OCP(=O)(O)O,3,"Cruciani, G., et al., J. Med. Chem. 2018. 61(1): p. 360-371."
MOL239,0,0,train,O=C(Nc1ccccc1Oc1ccccc1)c1ccncc1,1,"Cruciani, G., et al., J. Med. Chem. 2018. 61(1): p. 360-371."
MOL240,0,0,train,O=C(Nc1ccccc1Oc1ccccc1)c1ccccn1,2,"Cruciani, G., et al., J. Med. Chem. 2018. 61(1): p. 360-371."
MOL241,1,1,train,Brc1c(NC2=NCCN2)ccc2nccnc12,3,"Cruciani, G., et al., J. Med. Chem. 2018. 61(1): p. 360-371."
MOL242,1,1,train,O=C(Nc1ccccc1Oc1ccccc1)c1cnccn1,3,"Cruciani, G., et al., J. Med. Chem. 2018. 61(1): p. 360-371."
MOL243,1,1,train,O=S(=O)(c1cccc2cnccc12)N1CCCNCC1,3,"Cruciani, G., et al., J. Med. Chem. 2018. 61(1): p. 360-371."
MOL245,1,1,train,O=C(NCCNc1cnccn1)c1cccc2ncccc12,6,"Cruciani, G., et al., J. Med. Chem. 2018. 61(1): p. 360-371."
MOL246,1,1,train,Cc1ccccc1OCCCOc1ccc2ncccc2c1,3,"Cruciani, G., et al., J. Med. Chem. 2018. 61(1): p. 360-371."
MOL247,1,1,train,Cc1c(C(=O)NC(=N)N)cnn1-c1cccc2ncccc12,4,"Cruciani, G., et al., J. Med. Chem. 2018. 61(1): p. 360-371."
MOL248,1,1,train,C=C[C@H]1CN2CC[C@H]1C[C@H]2[C@H](O)c1ccnc2ccccc12,2,"Cruciani, G., et al., J. Med. Chem. 2018. 61(1): p. 360-371."
MOL249,1,1,train,C=C[C@H]1CN2CC[C@H]1C[C@@H]2[C@@H](O)c1ccnc2ccccc12,2,"Cruciani, G., et al., J. Med. Chem. 2018. 61(1): p. 360-371."
MOL250,0,0,train,Brc1nc2c(NC3CCCCC3)ncnc2[nH]1,2,"Cruciani, G., et al., J. Med. Chem. 2018. 61(1): p. 360-371."
MOL252,1,1,train,Cc1ccc(OCCSc2ncnc3ccccc23)cc1,4,"Cruciani, G., et al., J. Med. Chem. 2018. 61(1): p. 360-371."
MOL253,1,1,train,Fc1ccc2c(c1)C(Nc1ncnc3ncccc13)CCO2,7,"Cruciani, G., et al., J. Med. Chem. 2018. 61(1): p. 360-371."
MOL254,0,0,train,COc1nc(N)nc2c1ncn2[C@@H]1O[C@H](CO)[C@@H](O)[C@@H]1O,1,"Cruciani, G., et al., J. Med. Chem. 2018. 61(1): p. 360-371."
MOL255,0,0,train,O=C(C[n+]1cc2ccccc2c2ccccc21)c1ccccc1,2,"Cruciani, G., et al., J. Med. Chem. 2018. 61(1): p. 360-371."
MOL256,1,1,train,CCCCc1nc(COc2cc3cnccc3nc2C)no1,4,"Cruciani, G., et al., J. Med. Chem. 2018. 61(1): p. 360-371."
MOL257,1,0,train,CN(CCC1CCOCC1)C(=O)c1ccc2ncccc2c1,3,"Cruciani, G., et al., J. Med. Chem. 2018. 61(1): p. 360-371."
MOL258,0,0,train,CC(C)(C)c1cnc2c(C(C)(C)C)cc(C(C)(C)C)nc2n1,2,"Cruciani, G., et al., J. Med. Chem. 2018. 61(1): p. 360-371."
MOL259,1,1,train,CCNC(=O)OC1CCN(c2ncnc3ccccc23)CC1,4,"Cruciani, G., et al., J. Med. Chem. 2018. 61(1): p. 360-371."
MOL260,0,0,train,NC(=O)c1c(NC(=O)c2cccnc2)sc2c1CCCC2,3,"Cruciani, G., et al., J. Med. Chem. 2018. 61(1): p. 360-371."
MOL261,1,1,train,COc1ccc(-n2cc3cnnc(-c4ccccc4)c3n2)cc1,2,"Cruciani, G., et al., J. Med. Chem. 2018. 61(1): p. 360-371."
MOL262,0,0,train,O=C(C=Cc1ccccn1)c1ccc(Br)cc1O,2,"Cruciani, G., et al., J. Med. Chem. 2018. 61(1): p. 360-371."
MOL263,0,0,train,Nc1ncnc2c1nc(S(=O)(=O)[O-])n2Cc1ccccc1,2,"Cruciani, G., et al., J. Med. Chem. 2018. 61(1): p. 360-371."
MOL264,0,0,train,CN(C(=O)c1ccccn1)c1ccccc1Oc1ccccc1,2,"Cruciani, G., et al., J. Med. Chem. 2018. 61(1): p. 360-371."
MOL265,0,0,train,CC1(C)Cc2c(C#N)c3nc(-c4ccccc4)cnn3c2CO1,1,"Cruciani, G., et al., J. Med. Chem. 2018. 61(1): p. 360-371."
MOL266,1,1,train,CCOC(=O)N1CCN(c2cc3nccnc3cc2F)CC1,2,"Cruciani, G., et al., J. Med. Chem. 2018. 61(1): p. 360-371."
MOL268,0,0,train,c1ccc(C(Cn2cncn2)Nc2ncnc3c2CCC3)cc1,5,"Cruciani, G., et al., J. Med. Chem. 2018. 61(1): p. 360-371."
MOL269,0,0,train,O=C(O)c1cnn2c(C(F)(F)F)cc(-c3ccccc3)nc12,1,"Cruciani, G., et al., J. Med. Chem. 2018. 61(1): p. 360-371."
MOL270,0,0,train,c1cc2ncc(CNCc3ccc(N4CCCC4)cc3)cn2n1,3,"Cruciani, G., et al., J. Med. Chem. 2018. 61(1): p. 360-371."
MOL271,0,0,train,c1ccc(-c2nnc3c4ccccc4c4ccccc4c3n2)nc1,4,"Cruciani, G., et al., J. Med. Chem. 2018. 61(1): p. 360-371."
MOL272,0,0,train,Cc1ccccc1CNC(=O)Cn1ncc2cccnc2c1=O,4,"Cruciani, G., et al., J. Med. Chem. 2018. 61(1): p. 360-371."
MOL273,1,1,train,Fc1ccc2c(c1)C(NCc1cccc3cnccc13)CCO2,3,"Cruciani, G., et al., J. Med. Chem. 2018. 61(1): p. 360-371."
MOL274,0,0,train,N=C(N)NC(=O)c1cnn(-c2cccc3[nH]ccc23)c1C1CC1,1,"Cruciani, G., et al., J. Med. Chem. 2018. 61(1): p. 360-371."
MOL275,0,0,train,N=C(N)NC(=O)c1cnn(-c2cccc3[nH]ncc23)c1C1CC1,2,"Cruciani, G., et al., J. Med. Chem. 2018. 61(1): p. 360-371."
MOL276,1,1,train,N=C(N)NC(=O)c1cnn(-c2cccc3[nH]cnc23)c1C1CC1,2,"Cruciani, G., et al., J. Med. Chem. 2018. 61(1): p. 360-371."
MOL277,0,0,train,O=C(Nc1ccc(Cl)cc1Br)c1ccccn1,2,"Cruciani, G., et al., J. Med. Chem. 2018. 61(1): p. 360-371."
MOL279,0,0,train,CCOc1ccccc1OCCn1ncc2cccnc2c1=O,4,"Cruciani, G., et al., J. Med. Chem. 2018. 61(1): p. 360-371."
MOL280,0,0,train,C[C@@H]1CCN(C(=O)CC#N)C[C@@H]1N(C)c1ncnc2[nH]ccc12,2,"Cruciani, G., et al., J. Med. Chem. 2018. 61(1): p. 360-371."
MOL281,0,0,train,Cc1cnccc1CNS(=O)(=O)c1cnc2ccccc2c1,5,"Cruciani, G., et al., J. Med. Chem. 2018. 61(1): p. 360-371."
MOL282,0,0,train,COc1ccccc1C(NC(=O)Cn1cnnn1)c1ccco1,2,"Cruciani, G., et al., J. Med. Chem. 2018. 61(1): p. 360-371."
MOL283,0,0,train,CCOC1CC(NC(=O)c2ccc3nncn3c2)C12CCCC2,2,"Cruciani, G., et al., J. Med. Chem. 2018. 61(1): p. 360-371."
MOL284,0,0,train,Cn1nccc1N1CCCC(NC(=O)CCc2cnccn2)C1,4,"Cruciani, G., et al., J. Med. Chem. 2018. 61(1): p. 360-371."
MOL285,0,0,train,O=C(NCCOc1ccc(Cl)cc1)c1c[nH]c2ncccc12,2,"Cruciani, G., et al., J. Med. Chem. 2018. 61(1): p. 360-371."
MOL286,0,0,train,O=C(Nc1cnc2ccccc2c1)c1ccc(Cl)c(Cl)c1,3,"Cruciani, G., et al., J. Med. Chem. 2018. 61(1): p. 360-371."
MOL287,0,0,train,O=c1c2ncn(Cc3ccccc3)c2ncn1Cc1ccccc1,2,"Cruciani, G., et al., J. Med. Chem. 2018. 61(1): p. 360-371."
MOL288,0,0,train,c1ccc(COc2ncnc3c2ncn3Cc2ccccc2)cc1,3,"Cruciani, G., et al., J. Med. Chem. 2018. 61(1): p. 360-371."
MOL289,0,0,train,O=C(NCCc1cccc2ccccc12)c1cnn2cccnc12,3,"Cruciani, G., et al., J. Med. Chem. 2018. 61(1): p. 360-371."
MOL290,0,0,train,O=c1c2cnn(Cc3ccccc3)c2ncn1Cc1ccccc1,2,"Cruciani, G., et al., J. Med. Chem. 2018. 61(1): p. 360-371."
MOL291,0,0,train,c1ccc(COc2ncnc3c2cnn3Cc2ccccc2)cc1,3,"Cruciani, G., et al., J. Med. Chem. 2018. 61(1): p. 360-371."
MOL293,0,0,train,CC(C)c1nc2n(n1)CC(NC(=O)c1cnn(C(C)C)c1)CC2,2,"Cruciani, G., et al., J. Med. Chem. 2018. 61(1): p. 360-371."
MOL294,0,1,train,N#Cc1cnn2c(-c3cccc(N4CCCCC4=O)c3)ccnc12,2,"Cruciani, G., et al., J. Med. Chem. 2018. 61(1): p. 360-371."
MOL295,0,0,train,Cc1nn(-c2ccccc2)c(O)c1C=Nc1ccc2[nH]ncc2c1,2,"Cruciani, G., et al., J. Med. Chem. 2018. 61(1): p. 360-371."
MOL296,0,0,train,Cc1cc(NC(=O)c2c[nH]c(C#N)c2)ccc1Oc1ccncc1,1,"Cruciani, G., et al., J. Med. Chem. 2018. 61(1): p. 360-371."
MOL298,1,0,train,CCN(CC)CCC[C@@H](C)Nc1ccnc2cc(Cl)ccc12,1,"Cruciani, G., et al., J. Med. Chem. 2018. 61(1): p. 360-371."
MOL299,1,1,train,C=CCSc1ccccc1NC(=O)c1cccc2ncccc12,3,"Cruciani, G., et al., J. Med. Chem. 2018. 61(1): p. 360-371."
MOL300,1,1,train,N=C(N)NC(=O)c1cn(-c2cccc3ncccc23)nc1C1CC1,4,"Cruciani, G., et al., J. Med. Chem. 2018. 61(1): p. 360-371."
MOL301,1,1,train,N=C(N)NC(=O)c1cnn(-c2ccc3ncccc3c2)c1C1CC1,4,"Cruciani, G., et al., J. Med. Chem. 2018. 61(1): p. 360-371."
MOL302,1,1,train,N=C(N)NC(=O)c1cnn(-c2ccnc3ccccc23)c1C1CC1,3,"Cruciani, G., et al., J. Med. Chem. 2018. 61(1): p. 360-371."
MOL303,1,1,train,CCCCOc1cccc(C(=O)Nc2cccc3ncccc23)c1,3,"Cruciani, G., et al., J. Med. Chem. 2018. 61(1): p. 360-371."
MOL304,1,1,train,CC(=O)OCC(CCn1cnc2cnc(N)nc21)COC(C)=O,2,"Cruciani, G., et al., J. Med. Chem. 2018. 61(1): p. 360-371."
MOL305,0,0,train,COCCNc1ccccc1NC(=O)c1nccc2ccccc12,2,"Cruciani, G., et al., J. Med. Chem. 2018. 61(1): p. 360-371."
MOL306,0,0,train,Brc1ccc(-c2cn3ccc4ccccc4c3n2)cc1,1,"Cruciani, G., et al., J. Med. Chem. 2018. 61(1): p. 360-371."
MOL307,1,1,train,CC(C)c1c(C(=O)NC(=N)N)cnn1-c1cccc2ncccc12,4,"Cruciani, G., et al., J. Med. Chem. 2018. 61(1): p. 360-371."
MOL308,1,1,train,CCCc1c(C(=O)NC(=N)N)cnn1-c1cccc2ncccc12,4,"Cruciani, G., et al., J. Med. Chem. 2018. 61(1): p. 360-371."
MOL309,1,1,train,Fc1cncc(CN2CCN(c3cncc4ccccc34)CC2)c1,6,"Cruciani, G., et al., J. Med. Chem. 2018. 61(1): p. 360-371."
MOL310,0,0,train,CN(C)C1CCN(c2ncnn3c(Br)ccc23)CC1,2,"Cruciani, G., et al., J. Med. Chem. 2018. 61(1): p. 360-371."
MOL311,1,1,train,Cc1ccc(Cn2c(=O)[nH]c3c(N)nc(C(F)(F)F)cc32)cn1,2,"Cruciani, G., et al., J. Med. Chem. 2018. 61(1): p. 360-371."
MOL312,1,1,train,C[C@H]1CNCCCN1S(=O)(=O)c1cccc2cncc(F)c12,3,"Cruciani, G., et al., J. Med. Chem. 2018. 61(1): p. 360-371."
MOL313,0,0,train,Cc1n[nH]c(C)c1CC(=O)Nc1ccc(Oc2ncccn2)cc1,2,"Cruciani, G., et al., J. Med. Chem. 2018. 61(1): p. 360-371."
MOL314,0,0,train,CCN(CC)c1ncc2c(cnn2C2O[C@@H](CO)[C@H](O)[C@@H]2O)n1,3,"Cruciani, G., et al., J. Med. Chem. 2018. 61(1): p. 360-371."
MOL315,1,1,train,O=S(=O)(Nc1cccc2[nH]ncc12)c1ccc2ncccc2c1,4,"Cruciani, G., et al., J. Med. Chem. 2018. 61(1): p. 360-371."
MOL316,1,1,train,O=C(Nc1ccc(O)c2cccnc12)c1cc2c(s1)CCCC2,3,"Cruciani, G., et al., J. Med. Chem. 2018. 61(1): p. 360-371."
MOL317,1,1,train,COCc1c(C(=O)NC(=N)N)cnn1-c1cccc2ncccc12,4,"Cruciani, G., et al., J. Med. Chem. 2018. 61(1): p. 360-371."
MOL318,1,1,train,C=C[C@H]1CN2CC[C@H]1C[C@H]2[C@H](O)c1ccnc2ccc(OC)cc12,2,"Cruciani, G., et al., J. Med. Chem. 2018. 61(1): p. 360-371."
MOL319,1,1,train,C=C[C@H]1CN2CC[C@H]1C[C@@H]2[C@@H](O)c1ccnc2ccc(OC)cc12,2,"Cruciani, G., et al., J. Med. Chem. 2018. 61(1): p. 360-371."
MOL320,0,0,train,COc1ccc(NC(=O)NCc2ccccn2)c(C(F)(F)F)c1,2,"Cruciani, G., et al., J. Med. Chem. 2018. 61(1): p. 360-371."
MOL321,0,0,train,COc1ccc(-c2cc3cc(OC)c(OC)cc3cn2)cc1OC,2,"Cruciani, G., et al., J. Med. Chem. 2018. 61(1): p. 360-371."
MOL323,1,1,train,CC(C(=O)NC1CC1)N1CCN(c2ccnc3ccncc23)CC1,4,"Cruciani, G., et al., J. Med. Chem. 2018. 61(1): p. 360-371."
MOL324,1,1,train,CC(CC(=O)Nc1ccnc2ccncc12)NC(=O)C1CCCC1,4,"Cruciani, G., et al., J. Med. Chem. 2018. 61(1): p. 360-371."
MOL326,0,0,train,O=[N+]([O-])c1cnc2nc(-c3ccccc3)c(-c3ccccc3)nc2c1,2,"Cruciani, G., et al., J. Med. Chem. 2018. 61(1): p. 360-371."
MOL327,0,0,train,Nc1ncnc2c1ncn2[C@H]1C[C@H](O)[C@@H](COP(=O)([O-])O)O1,3,"Cruciani, G., et al., J. Med. Chem. 2018. 61(1): p. 360-371."
MOL328,1,1,train,CC(C)CN1Cc2cccc(NC(=O)c3ncncc3Cl)c2C1,4,"Cruciani, G., et al., J. Med. Chem. 2018. 61(1): p. 360-371."
MOL329,1,1,train,O=C(NC1CCN(Cc2cccnc2)CC1)c1ncncc1Cl,7,"Cruciani, G., et al., J. Med. Chem. 2018. 61(1): p. 360-371."
MOL330,1,1,train,COC(=O)C1Cc2ccccc2N1C(=O)c1ccnc2ccccc12,2,"Cruciani, G., et al., J. Med. Chem. 2018. 61(1): p. 360-371."
MOL331,0,0,train,COc1ccc(CC(=O)Nc2ccc(Cc3ccncc3)cc2)cc1,1,"Cruciani, G., et al., J. Med. Chem. 2018. 61(1): p. 360-371."
MOL332,0,0,train,Cc1c(CCC(=O)NC2CCOc3c(Cl)cccc32)cnn1C,1,"Cruciani, G., et al., J. Med. Chem. 2018. 61(1): p. 360-371."
MOL333,1,1,train,O=C(NCCCNC(=O)c1ccnc2ccncc12)c1ccccc1,4,"Cruciani, G., et al., J. Med. Chem. 2018. 61(1): p. 360-371."
MOL334,1,1,train,Cc1ccc2ncccc2c1-n1ncc(C(=O)NC(=N)N)c1C1CC1,4,"Cruciani, G., et al., J. Med. Chem. 2018. 61(1): p. 360-371."
MOL335,1,1,train,CCN(CC)C(=O)c1cnn(-c2cccc3ncccc23)c1C1CC1,4,"Cruciani, G., et al., J. Med. Chem. 2018. 61(1): p. 360-371."
MOL336,0,0,train,Fc1ccc(CSc2nccn3nc(-c4ccccc4)cc23)cc1,1,"Cruciani, G., et al., J. Med. Chem. 2018. 61(1): p. 360-371."
MOL337,0,0,train,O=C(CCC1Cc2ccccc2NC1=O)Nc1ccc2nncn2c1,2,"Cruciani, G., et al., J. Med. Chem. 2018. 61(1): p. 360-371."
MOL338,1,1,train,N=C(N)NC(=O)c1cnn(-c2c(O)ccc3ncccc23)c1C1CC1,4,"Cruciani, G., et al., J. Med. Chem. 2018. 61(1): p. 360-371."
MOL339,1,1,train,CCCCc1c(C(=O)NC(=N)N)cnn1-c1cccc2ncccc12,4,"Cruciani, G., et al., J. Med. Chem. 2018. 61(1): p. 360-371."
MOL340,0,0,train,O=[N+]([O-])c1ccc(N2CCN(Cc3ccc[nH]3)CC2)c2ccncc12,2,"Cruciani, G., et al., J. Med. Chem. 2018. 61(1): p. 360-371."
MOL341,0,0,train,c1ccc(OCCNC2CCN(c3ncnc4c3CCC4)CC2)cc1,2,"Cruciani, G., et al., J. Med. Chem. 2018. 61(1): p. 360-371."
MOL342,0,0,train,COc1ccc(Cc2nccc3cc(OC)c(OC)cc23)cc1OC,2,"Cruciani, G., et al., J. Med. Chem. 2018. 61(1): p. 360-371."
MOL343,0,0,train,CCOc1ccc(C(COC)NC(=O)c2ccc3nccn3c2)cc1,1,"Cruciani, G., et al., J. Med. Chem. 2018. 61(1): p. 360-371."
MOL344,0,0,train,CC(C)N(CCC(C(N)=O)(c1ccccc1)c1ccccn1)C(C)C,2,"Cruciani, G., et al., J. Med. Chem. 2018. 61(1): p. 360-371."
MOL346,1,1,train,Cn1cc(N2CCC(NC(=O)c3cc(F)cc4nccnc34)C2)cn1,5,"Cruciani, G., et al., J. Med. Chem. 2018. 61(1): p. 360-371."
MOL347,0,0,train,Cc1nscc1C(=O)Nc1cccc2c1CN(c1nccs1)C2,1,"Cruciani, G., et al., J. Med. Chem. 2018. 61(1): p. 360-371."
MOL348,0,0,train,C(=CCOc1cccc2cccnc12)COc1cccc2cccnc12,3,"Cruciani, G., et al., J. Med. Chem. 2018. 61(1): p. 360-371."
MOL349,0,0,train,CC(NC(=O)c1cnn2cccnc12)c1ccc(-c2ccccc2)cc1,3,"Cruciani, G., et al., J. Med. Chem. 2018. 61(1): p. 360-371."
MOL350,0,0,train,CCN(CC)CCCCCCNc1cc(OC)cc2c(C)ccnc12,2,"Cruciani, G., et al., J. Med. Chem. 2018. 61(1): p. 360-371."
MOL351,1,1,train,C[C@@H](Oc1ccc(Oc2cnc3ccc(Cl)cc3n2)cc1)C(=O)O,2,"Cruciani, G., et al., J. Med. Chem. 2018. 61(1): p. 360-371."
MOL352,0,0,train,c1ccc(COc2cccc(CNCc3cnc4ccnn4c3)c2)cc1,3,"Cruciani, G., et al., J. Med. Chem. 2018. 61(1): p. 360-371."
MOL353,0,0,train,c1cnnc(N2CCCN(c3nc4ccccc4n4cncc34)CC2)c1,5,"Cruciani, G., et al., J. Med. Chem. 2018. 61(1): p. 360-371."
MOL355,1,1,train,O=C(Nc1cccc(C(=O)Nc2ccnc3ccncc23)c1)NC1CC1,4,"Cruciani, G., et al., J. Med. Chem. 2018. 61(1): p. 360-371."
MOL356,0,0,train,COc1ccccc1Oc1c(Cl)nc(-c2ncccn2)nc1Cl,2,"Cruciani, G., et al., J. Med. Chem. 2018. 61(1): p. 360-371."
MOL357,0,0,train,COc1cc(C(=O)Nc2ncccc2-c2ccccc2)ccc1[N+](=O)[O-],2,"Cruciani, G., et al., J. Med. Chem. 2018. 61(1): p. 360-371."
MOL358,0,0,train,C[C@@H](c1ncncc1F)[C@](O)(Cn1cncn1)c1ccc(F)cc1F,4,"Cruciani, G., et al., J. Med. Chem. 2018. 61(1): p. 360-371."
MOL359,1,1,train,c1cnc(N2CCN(CCCNc3cnc4ccccc4n3)CC2)nc1,5,"Cruciani, G., et al., J. Med. Chem. 2018. 61(1): p. 360-371."
MOL360,1,1,train,COc1ccc2ncccc2c1-n1ncc(C(=O)NC(=N)N)c1C1CC1,4,"Cruciani, G., et al., J. Med. Chem. 2018. 61(1): p. 360-371."
MOL361,0,0,train,O=C(Nc1ccc(N2CCOCC2)c2ccncc12)c1cccc(F)c1,2,"Cruciani, G., et al., J. Med. Chem. 2018. 61(1): p. 360-371."
MOL362,1,1,train,CCN(CC)Cc1cc(Nc2ccnc3cc(Cl)ccc23)ccc1O,1,"Cruciani, G., et al., J. Med. Chem. 2018. 61(1): p. 360-371."
MOL363,0,0,train,O=C(NCCCn1nc2ccccn2c1=O)c1cc2c(s1)CCCC2,1,"Cruciani, G., et al., J. Med. Chem. 2018. 61(1): p. 360-371."
MOL364,0,0,train,O=C(c1cccnc1)N1CCN(C(c2ccccc2)c2ccccc2)CC1,3,"Cruciani, G., et al., J. Med. Chem. 2018. 61(1): p. 360-371."
MOL365,1,1,train,N#Cc1cccc(NC(=O)CSc2nncc3c2[nH]c2ccccc23)c1,1,"Cruciani, G., et al., J. Med. Chem. 2018. 61(1): p. 360-371."
MOL366,1,1,train,COc1cccc(Oc2ccc(CNc3ccc4nccnc4n3)cn2)c1,6,"Cruciani, G., et al., J. Med. Chem. 2018. 61(1): p. 360-371."
MOL367,0,0,train,c1ccc(-c2nc(-c3ccccc3)c3cnncc3c2-c2ccccc2)cc1,3,"Cruciani, G., et al., J. Med. Chem. 2018. 61(1): p. 360-371."
MOL368,1,0,train,COC(=O)c1cccc(Nc2c(-c3ccc(O)cc3)nc3cnccn23)c1,1,"Cruciani, G., et al., J. Med. Chem. 2018. 61(1): p. 360-371."
MOL369,1,1,train,CSc1ccc(-c2nc3cnccn3c2Nc2ccc(C)cc2C)cc1,1,"Cruciani, G., et al., J. Med. Chem. 2018. 61(1): p. 360-371."
MOL371,0,0,train,COCCN1C2=C(C(=O)c3ccccc3C2=O)N(Cc2cnccn2)[C@@H]1C,3,"Cruciani, G., et al., J. Med. Chem. 2018. 61(1): p. 360-371."
MOL372,0,0,train,COc1ccc(-c2cc3cc(OC)c(OC)cc3c[n+]2C(C)C(=O)O)cc1,2,"Cruciani, G., et al., J. Med. Chem. 2018. 61(1): p. 360-371."
MOL373,0,0,train,O=C(NCCNC(=O)c1cccc2cccnc12)c1cccc2cccnc12,3,"Cruciani, G., et al., J. Med. Chem. 2018. 61(1): p. 360-371."
MOL374,0,0,train,COc1ccc(Cc2nc3c4cnn(Cc5ccccc5)c4ncn3n2)cc1,2,"Cruciani, G., et al., J. Med. Chem. 2018. 61(1): p. 360-371."
MOL375,0,0,train,CCOC(=O)C(C)Oc1ccc(Oc2cnc3cc(Cl)ccc3n2)cc1,2,"Cruciani, G., et al., J. Med. Chem. 2018. 61(1): p. 360-371."
MOL376,0,0,train,O=[N+]([O-])c1cccc(-c2nc3ccncc3nc2-c2cccc([N+](=O)[O-])c2)c1,3,"Cruciani, G., et al., J. Med. Chem. 2018. 61(1): p. 360-371."
MOL377,1,1,train,O=S1(=O)CCCCN1CCC1CCN(c2ncnc3ccccc23)CC1,4,"Cruciani, G., et al., J. Med. Chem. 2018. 61(1): p. 360-371."
MOL378,1,0,train,C=CC1CN2CCC1CC2C(OC(=O)CCCN)c1ccnc2ccccc12,2,"Cruciani, G., et al., J. Med. Chem. 2018. 61(1): p. 360-371."
MOL379,0,0,train,CCOC(=O)CNc1nc(N)c2ncc(C(=O)CCc3ccccc3)nc2n1,1,"Cruciani, G., et al., J. Med. Chem. 2018. 61(1): p. 360-371."
MOL380,0,0,train,C=CC1CN2CCC1CC2[C@H](OC(=O)CC)c1ccnc2ccc(OC)cc12,2,"Cruciani, G., et al., J. Med. Chem. 2018. 61(1): p. 360-371."
MOL381,0,0,train,CN(Cc1ccccc1)S(=O)(=O)c1ccc(NC(=O)c2ccccn2)cc1,2,"Cruciani, G., et al., J. Med. Chem. 2018. 61(1): p. 360-371."
MOL382,1,1,train,COc1ccccc1NC(=O)CSc1nncc2c1[nH]c1ccc(F)cc12,1,"Cruciani, G., et al., J. Med. Chem. 2018. 61(1): p. 360-371."
MOL383,0,0,train,Cc1cc(NS(=O)(=O)c2ccc(NC(=O)c3cccnc3)cc2)nc(C)n1,3,"Cruciani, G., et al., J. Med. Chem. 2018. 61(1): p. 360-371."
MOL384,0,0,train,O=C(OC(c1ccc2c(c1)OCO2)c1nccc2ccccc12)c1ccccc1,2,"Cruciani, G., et al., J. Med. Chem. 2018. 61(1): p. 360-371."
MOL385,1,1,train,COc1cc2cnnc(N3CCC(OCC4=CC=CCO4)CC3)c2cc1OC,3,"Cruciani, G., et al., J. Med. Chem. 2018. 61(1): p. 360-371."
MOL386,0,0,train,O=C1C2C3CCC(C3)C2C(=O)N1CCCCN1CCN(c2ncccn2)CC1,2,"Cruciani, G., et al., J. Med. Chem. 2018. 61(1): p. 360-371."
MOL387,0,0,train,CC(C)C[C@@H](NC(=O)[C@@H](Cc1ccccc1)NC(=O)c1cnccn1)B(O)O,3,"Cruciani, G., et al., J. Med. Chem. 2018. 61(1): p. 360-371."
MOL388,0,0,train,CC(O)C1CCN(c2cc(N3CCC(C(C)O)CC3)c3ccncc3n2)CC1,2,"Cruciani, G., et al., J. Med. Chem. 2018. 61(1): p. 360-371."
MOL389,0,0,train,COc1ccc(Nc2c(-c3c[nH]c4ccccc34)nc3cnccn23)cc1OC,1,"Cruciani, G., et al., J. Med. Chem. 2018. 61(1): p. 360-371."
MOL390,0,0,train,O=C1CC2(CCCC2)CC(=O)N1CCCCN1CCN(c2ncccn2)CC1,2,"Cruciani, G., et al., J. Med. Chem. 2018. 61(1): p. 360-371."
MOL391,1,1,train,CN1CCC(Nc2ncc3ncnc(Nc4ccc(F)c(Cl)c4)c3n2)CC1,4,"Cruciani, G., et al., J. Med. Chem. 2018. 61(1): p. 360-371."
MOL392,0,0,train,Cc1cc(SCC(=O)Nc2nc(-c3cccs3)cs2)n2cnnc2n1,1,"Cruciani, G., et al., J. Med. Chem. 2018. 61(1): p. 360-371."
MOL393,1,1,train,COc1ccc(-c2noc(CCCC(=O)Nc3cccc4ncccc34)n2)cc1,3,"Cruciani, G., et al., J. Med. Chem. 2018. 61(1): p. 360-371."
MOL394,0,0,train,CNC(=O)c1cnn(-c2nc(N)c3ncn([C@@H]4O[C@H](CO)[C@@H](O)[C@H]4O)c3n2)c1,3,"Cruciani, G., et al., J. Med. Chem. 2018. 61(1): p. 360-371."
MOL395,1,1,train,CCNC(=O)OC1CCN(c2nncc3cc(OC)c(OC)c(OC)c23)CC1,2,"Cruciani, G., et al., J. Med. Chem. 2018. 61(1): p. 360-371."
MOL396,0,0,train,Brc1cnc2nc(Nc3ccccc3)c(Nc3ccccc3)nc2c1,3,"Cruciani, G., et al., J. Med. Chem. 2018. 61(1): p. 360-371."
MOL397,0,0,train,COc1cccc(-c2nsc(NC(=O)c3ccc(Cn4ccnc4)cc3)n2)c1,1,"Cruciani, G., et al., J. Med. Chem. 2018. 61(1): p. 360-371."
MOL398,0,0,train,COc1ccc(C(=O)Nc2ccc(N3CCCCC3)c3ccncc23)cc1OC,2,"Cruciani, G., et al., J. Med. Chem. 2018. 61(1): p. 360-371."
MOL399,0,0,train,O=C(NN=C1C(O)=Nc2ccc(Br)cc21)c1cc2ccccc2cn1,2,"Cruciani, G., et al., J. Med. Chem. 2018. 61(1): p. 360-371."
MOL400,1,1,train,CC(=O)c1cccc(NC(=O)CSc2nncc3c2[nH]c2ccc(F)cc23)c1,1,"Cruciani, G., et al., J. Med. Chem. 2018. 61(1): p. 360-371."
MOL401,0,0,train,CCc1cnn2c(NCc3ccc[n+]([O-])c3)cc(N3CCCC[C@H]3CCO)nc12,4,"Cruciani, G., et al., J. Med. Chem. 2018. 61(1): p. 360-371."
MOL402,0,0,train,CSCCC(NC(=O)c1[nH]c2c(c1C)C(=O)CCC2)c1nnc2ccccn12,1,"Cruciani, G., et al., J. Med. Chem. 2018. 61(1): p. 360-371."
MOL403,0,0,train,COc1ccc(NC(=O)c2ccc(COc3cc4cnccc4nc3C)cc2)cc1,4,"Cruciani, G., et al., J. Med. Chem. 2018. 61(1): p. 360-371."
MOL404,0,0,train,Cc1nc(O[C@H]2C(C)(C)[C@H](NC(=O)c3cnc4ccccn34)C2(C)C)ccc1C#N,1,"Cruciani, G., et al., J. Med. Chem. 2018. 61(1): p. 360-371."
MOL405,1,1,train,COc1ccc2ncnc(N3CCC(CCN4CCCCS4(=O)=O)CC3)c2c1,4,"Cruciani, G., et al., J. Med. Chem. 2018. 61(1): p. 360-371."
MOL406,1,1,train,COc1ccc2c(N3CCC(CCN4CCCCS4(=O)=O)CC3)ncnc2c1,3,"Cruciani, G., et al., J. Med. Chem. 2018. 61(1): p. 360-371."
MOL407,1,1,train,Cc1nc(O[C@H]2C(C)(C)[C@H](NC(=O)c3cnc4ncccn34)C2(C)C)ccc1C#N,4,"Cruciani, G., et al., J. Med. Chem. 2018. 61(1): p. 360-371."
MOL408,1,1,train,C[C@@H](CO)Nc1ncc2cc(Oc3ccc(F)cc3F)c(=O)n(C[C@@H](C)O)c2n1,2,"Cruciani, G., et al., J. Med. Chem. 2018. 61(1): p. 360-371."
MOL409,1,1,train,CC(=O)Nc1ccc(S(=O)(=O)Nc2cccc(-c3cn4cccnc4n3)c2)cc1,3,"Cruciani, G., et al., J. Med. Chem. 2018. 61(1): p. 360-371."
MOL410,1,1,train,NC(=O)c1cc2c(Oc3ccc(NC(=O)NC4CC4)c(Cl)c3)ccnc2cc1O,1,"Cruciani, G., et al., J. Med. Chem. 2018. 61(1): p. 360-371."
MOL411,1,1,train,CCN1CCCN(CC2CCN(c3nncc4cc(OC)c(OC)cc34)CC2)C1=O,3,"Cruciani, G., et al., J. Med. Chem. 2018. 61(1): p. 360-371."
MOL412,1,1,train,CC1(C)C(NC(=O)c2cnc3ncccn23)C(C)(C)C1Oc1ccc(C#N)c(C#N)c1,3,"Cruciani, G., et al., J. Med. Chem. 2018. 61(1): p. 360-371."
MOL413,1,1,train,Cc1nc(O[C@H]2C(C)(C)[C@H](NC(=O)c3c(C)nc4ncccn34)C2(C)C)ccc1C#N,4,"Cruciani, G., et al., J. Med. Chem. 2018. 61(1): p. 360-371."
MOL414,1,1,train,Cc1cnc2ncc(C(=O)NC3C(C)(C)C(Oc4ccc(C#N)c(C)n4)C3(C)C)n2c1,4,"Cruciani, G., et al., J. Med. Chem. 2018. 61(1): p. 360-371."
MOL415,1,1,train,Cc1nc(OC2C(C)(C)C(NC(=O)c3c(C)nc4cnccn34)C2(C)C)ccc1C#N,2,"Cruciani, G., et al., J. Med. Chem. 2018. 61(1): p. 360-371."
MOL416,0,0,train,Cc1ccc2[nH]c3c(SCCC(=O)NC(=O)NCc4ccccc4)nncc3c2c1,1,"Cruciani, G., et al., J. Med. Chem. 2018. 61(1): p. 360-371."
MOL417,1,1,train,COc1nc(OC2C(C)(C)C(NC(=O)c3cnc4ncccn34)C2(C)C)ccc1C#N,4,"Cruciani, G., et al., J. Med. Chem. 2018. 61(1): p. 360-371."
MOL418,0,0,train,CC(=NNC(=O)COc1ccc(Cl)cc1)c1ccc(NC(=O)c2cccnc2)cc1,3,"Cruciani, G., et al., J. Med. Chem. 2018. 61(1): p. 360-371."
MOL419,0,0,train,CC1(C)[C@H](NC(=O)c2cnc3[nH]ccc3c2)C(C)(C)[C@H]1Oc1ccc(C#N)c(Cl)c1,2,"Cruciani, G., et al., J. Med. Chem. 2018. 61(1): p. 360-371."
MOL420,0,0,train,CC1(C)[C@H](NC(=O)c2ccn3cncc3c2)C(C)(C)[C@H]1Oc1ccc(C#N)c(Cl)c1,1,"Cruciani, G., et al., J. Med. Chem. 2018. 61(1): p. 360-371."
MOL421,1,1,train,Cc1nc(OC2C(C)(C)C(NC(=O)c3cnc4ncc(F)cn34)C2(C)C)ccc1C#N,4,"Cruciani, G., et al., J. Med. Chem. 2018. 61(1): p. 360-371."
MOL422,0,0,train,CCCCNc1ncnc2c1c(-c1ccccc1)c(-c1ccccc1)n2Cc1ccco1,2,"Cruciani, G., et al., J. Med. Chem. 2018. 61(1): p. 360-371."
MOL423,1,1,train,CC1(C)C(NC(=O)c2cnc3ncccn23)C(C)(C)C1Oc1ccc(C#N)c(Cl)c1,3,"Cruciani, G., et al., J. Med. Chem. 2018. 61(1): p. 360-371."
MOL424,1,1,train,O=C(CSc1nncc2c1[nH]c1ccc(F)cc12)NCC1COc2ccccc2O1,1,"Cruciani, G., et al., J. Med. Chem. 2018. 61(1): p. 360-371."
MOL425,0,0,train,CC1(C)C(NC(=O)c2nc3ncccn3n2)C(C)(C)C1Oc1ccc(C#N)c(Cl)c1,3,"Cruciani, G., et al., J. Med. Chem. 2018. 61(1): p. 360-371."
MOL426,0,1,train,CCN1c2ncc(CCOc3ccnc4ccccc34)cc2C(=O)N(C)c2cccnc21,6,"Cruciani, G., et al., J. Med. Chem. 2018. 61(1): p. 360-371."
MOL427,0,1,train,COc1cc2nccc(Oc3ccc(NC(=O)NC4CC4)c(Cl)c3)c2cc1C(N)=O,1,"Cruciani, G., et al., J. Med. Chem. 2018. 61(1): p. 360-371."
MOL428,0,0,train,Fc1ccc(Nc2nc3cc(Br)cnc3nc2Nc2ccc(F)cc2)cc1,3,"Cruciani, G., et al., J. Med. Chem. 2018. 61(1): p. 360-371."
MOL429,1,1,train,Cc1nc2ncccn2c1C(=O)NC1C(C)(C)C(Oc2ccc(C#N)c(C#N)c2)C1(C)C,2,"Cruciani, G., et al., J. Med. Chem. 2018. 61(1): p. 360-371."
MOL430,1,0,train,C#Cc1cccc(Nc2ncnc3cc(OCCOC)c(OCCOC)cc23)c1,3,"Cruciani, G., et al., J. Med. Chem. 2018. 61(1): p. 360-371."
MOL431,0,0,train,O=C(CSc1nnc2c3ccccc3c3ccccc3c2n1)Nc1cccnc1Cl,4,"Cruciani, G., et al., J. Med. Chem. 2018. 61(1): p. 360-371."
MOL432,0,0,train,COc1ccc2ncc(C(=O)NC3C(C)(C)C(Oc4ccc(C#N)c(C)c4)C3(C)C)n2n1,2,"Cruciani, G., et al., J. Med. Chem. 2018. 61(1): p. 360-371."
MOL433,1,1,train,COc1cc2ncnc(N3CCC(CCN4CCCCS4(=O)=O)CC3)c2cc1OC,3,"Cruciani, G., et al., J. Med. Chem. 2018. 61(1): p. 360-371."
MOL434,0,0,train,COc1ccn2c(C(=O)NC3C(C)(C)C(Oc4ccc(C#N)c(C)n4)C3(C)C)cnc2n1,2,"Cruciani, G., et al., J. Med. Chem. 2018. 61(1): p. 360-371."
MOL435,1,0,train,CC1(C)C(NC(=O)Cc2ccc3nncn3c2)C(C)(C)C1Oc1ccc(C#N)c(Cl)c1,2,"Cruciani, G., et al., J. Med. Chem. 2018. 61(1): p. 360-371."
MOL436,1,1,train,Cc1nc2ncccn2c1C(=O)NC1C(C)(C)C(Oc2ccc(C#N)cc2Cl)C1(C)C,3,"Cruciani, G., et al., J. Med. Chem. 2018. 61(1): p. 360-371."
MOL437,1,1,train,N#Cc1ccc2c(c1)CCN(CC[C@H]1CC[C@@H](NC(=O)c3ccnc4ccccc34)CC1)C2,2,"Cruciani, G., et al., J. Med. Chem. 2018. 61(1): p. 360-371."
MOL439,1,0,train,COc1cc2ncnc(Nc3ccc(F)c(Cl)c3)c2cc1OCCCN1CCOCC1,3,"Cruciani, G., et al., J. Med. Chem. 2018. 61(1): p. 360-371."
MOL440,0,0,train,NC(=O)c1c(NC(=O)c2cnn3c(C(F)F)cc(-c4ccccc4)nc23)sc2c1CCC2,1,"Cruciani, G., et al., J. Med. Chem. 2018. 61(1): p. 360-371."
MOL441,1,0,train,CN(Cc1cnc2nc(N)nc(N)c2n1)c1ccc(C(=O)N[C@@H](CCC(=O)O)C(=O)O)cc1,2,"Cruciani, G., et al., J. Med. Chem. 2018. 61(1): p. 360-371."
MOL442,0,0,train,O=C1[C@H]2C(c3cccnc3)N(c3ccc(Br)cc3)O[C@H]2C(=O)N1C1CCCCC1,3,"Cruciani, G., et al., J. Med. Chem. 2018. 61(1): p. 360-371."
MOL443,0,0,train,CNC(=O)c1cc(Oc2ccc(NC(=O)Nc3ccc(Cl)c(C(F)(F)F)c3)cc2)ccn1,1,"Cruciani, G., et al., J. Med. Chem. 2018. 61(1): p. 360-371."
MOL444,0,0,train,NC(=O)c1c(NC(=O)c2cnn3c(C(F)F)cc(-c4ccccc4)nc23)sc2c1CCCC2,1,"Cruciani, G., et al., J. Med. Chem. 2018. 61(1): p. 360-371."
MOL445,0,0,train,O=C(CSc1nnc2c3ccccc3c3ccccc3c2n1)Nc1ccc(Br)cn1,4,"Cruciani, G., et al., J. Med. Chem. 2018. 61(1): p. 360-371."
MOL446,0,0,train,C#CC[C@H](Cc1cnc2nc(N)nc(N)c2n1)c1ccc(C(=O)N[C@@H](CCC(=O)O)C(=O)O)cc1,2,"Cruciani, G., et al., J. Med. Chem. 2018. 61(1): p. 360-371."
MOL447,0,0,train,Cc1cccc(-c2ccc(=O)n(Cc3cccc(-c4ncc(OCC5CCN(C)CC5)cn4)c3)n2)c1,3,"Cruciani, G., et al., J. Med. Chem. 2018. 61(1): p. 360-371."
MOL448,0,1,train,Cc1nc(OC2C(C)(C)C(NC(=O)c3cnc4ncc(Br)cn34)C2(C)C)ccc1C#N,4,"Cruciani, G., et al., J. Med. Chem. 2018. 61(1): p. 360-371."
MOL449,1,1,train,O=C(CSc1nncc2c1[nH]c1ccc(F)cc12)Nc1cccc(S(=O)(=O)N2CCCC2)c1,1,"Cruciani, G., et al., J. Med. Chem. 2018. 61(1): p. 360-371."
MOL451,0,0,train,O=C(Nc1ccc(OC(=O)c2cc3c(s2)CCCC3)c2cccnc12)c1cc2c(s1)CCCC2,3,"Cruciani, G., et al., J. Med. Chem. 2018. 61(1): p. 360-371."
MOL452,0,0,train,Cc1nc(OC2C(C)(C)C(NC(=O)c3cnc4nc(N5CCOCC5)ccn34)C2(C)C)ccc1C#N,2,"Cruciani, G., et al., J. Med. Chem. 2018. 61(1): p. 360-371."
MOL453,0,0,train,Cc1ccc(NC(=O)c2ccc(CN3CCN(C)CC3)cc2)cc1Nc1nccc(-c2cccnc2)n1,5,"Cruciani, G., et al., J. Med. Chem. 2018. 61(1): p. 360-371."
MOL454,0,0,train,Clc1ccc(CSc2nnc(SCc3ccc(Cl)c(Cl)c3)c3nccnc23)cc1Cl,1,"Cruciani, G., et al., J. Med. Chem. 2018. 61(1): p. 360-371."
MOL456,0,0,train,COc1ccccc1Oc1c(Cl)nc(-c2ncccn2)nc1NS(=O)(=O)c1ccc(C(C)(C)C)cc1,2,"Cruciani, G., et al., J. Med. Chem. 2018. 61(1): p. 360-371."
MOL457,0,0,train,CCOc1nc(-c2ncccn2)nc(NS(=O)(=O)c2ccc(C(C)(C)C)cc2)c1Oc1ccccc1OC,2,"Cruciani, G., et al., J. Med. Chem. 2018. 61(1): p. 360-371."
MOL458,0,0,train,C=CC1CN2CCC1CC2C(OC(=O)CCCNC(=O)c1cc2c(s1)CCCC2)c1ccnc2ccccc12,2,"Cruciani, G., et al., J. Med. Chem. 2018. 61(1): p. 360-371."
MOL492,0,0,train,Clc1ncnc2[nH]ncc12,3,"Cruciani, G., et al., J. Med. Chem. 2018. 61(1): p. 360-371."
MOL494,0,0,train,CC1CNCCN1C(=O)c1nccc2ccccc12,2,"Cruciani, G., et al., J. Med. Chem. 2018. 61(1): p. 360-371."
MOL495,0,1,train,c1ccc(Oc2ncnc3[nH]cnc23)cc1,3,"Cruciani, G., et al., J. Med. Chem. 2018. 61(1): p. 360-371."
MOL496,1,1,train,CSc1ncnc2[nH]cnc12,3,"Cruciani, G., et al., J. Med. Chem. 2018. 61(1): p. 360-371."
MOL497,1,1,train,Clc1ncnc2[nH]cnc12,3,"Cruciani, G., et al., J. Med. Chem. 2018. 61(1): p. 360-371."
MOL498,1,0,train,Cc1n[nH]c2ncc(NC(=O)c3cccc4c3OC(C)C(=O)N4)cc12,3,"Cruciani, G., et al., J. Med. Chem. 2018. 61(1): p. 360-371."
MOL499,1,0,train,O=c1[nH]ncc2[nH]cnc12,2,"Cruciani, G., et al., J. Med. Chem. 2018. 61(1): p. 360-371."
MOL500,1,1,train,Cc1ncnc2nc[nH]c12,2,"Cruciani, G., et al., J. Med. Chem. 2018. 61(1): p. 360-371."
MOL501,0,0,train,Oc1ncnc2[nH]cnc12,3,"Cruciani, G., et al., J. Med. Chem. 2018. 61(1): p. 360-371."
MOL502,1,1,train,Sc1ncnc2[nH]cnc12,3,"Cruciani, G., et al., J. Med. Chem. 2018. 61(1): p. 360-371."
MOL503,0,0,train,CCOC(=O)c1c[nH]nc1N,1,"Cruciani, G., et al., J. Med. Chem. 2018. 61(1): p. 360-371."
MOL505,0,0,train,CN1C(=O)C2NC=NC2N(C)C1=O,1,"Cruciani, G., et al., J. Med. Chem. 2018. 61(1): p. 360-371."
MOL506,1,1,train,O=c1[nH]cnc2cc3[nH]cnc3cc12,2,"Cruciani, G., et al., J. Med. Chem. 2018. 61(1): p. 360-371."
MOL507,0,0,train,O=[N+]([O-])c1n[nH]c2c(Cl)nccc12,2,"Cruciani, G., et al., J. Med. Chem. 2018. 61(1): p. 360-371."
MOL508,1,0,train,CSc1nnc(S)c2[nH]cnc12,1,"Cruciani, G., et al., J. Med. Chem. 2018. 61(1): p. 360-371."
MOL510,0,1,train,c1nc(N2CCOCC2)c2nc[nH]c2n1,3,"Cruciani, G., et al., J. Med. Chem. 2018. 61(1): p. 360-371."
MOL511,0,1,train,c1ccc(Nc2ncnc3[nH]cnc23)cc1,3,"Cruciani, G., et al., J. Med. Chem. 2018. 61(1): p. 360-371."
MOL512,0,0,train,c1coc(CNc2ncnc3[nH]cnc23)c1,3,"Cruciani, G., et al., J. Med. Chem. 2018. 61(1): p. 360-371."
MOL513,0,1,train,c1nc(NC2CCCCC2)c2nc[nH]c2n1,3,"Cruciani, G., et al., J. Med. Chem. 2018. 61(1): p. 360-371."
MOL514,0,0,train,Nc1nc(=O)c2ncn(COCCO)c2[nH]1,1,"Cruciani, G., et al., J. Med. Chem. 2018. 61(1): p. 360-371."
MOL516,0,0,train,Cc1ccc(-c2nccc3c2[nH]c2ccccc23)cc1,1,"Cruciani, G., et al., J. Med. Chem. 2018. 61(1): p. 360-371."
MOL517,0,0,train,COCC1CCN(Cc2c[nH]c3nccnc23)CC1,3,"Cruciani, G., et al., J. Med. Chem. 2018. 61(1): p. 360-371."
MOL520,0,0,train,CCOCC1CCN(C(=O)c2cnc3[nH]ccc3c2)C1,2,"Cruciani, G., et al., J. Med. Chem. 2018. 61(1): p. 360-371."
MOL522,0,0,train,CC1CC1C(=O)NCCC(=O)Nc1cccc2cn[nH]c12,2,"Cruciani, G., et al., J. Med. Chem. 2018. 61(1): p. 360-371."
MOL523,0,1,train,Brc1ccc(Nc2ncnc3[nH]cnc23)cc1,3,"Cruciani, G., et al., J. Med. Chem. 2018. 61(1): p. 360-371."
MOL526,0,0,train,CCOC1CC(NC(=O)c2cnc3n[nH]c(C)c3c2)C12CCC2,2,"Cruciani, G., et al., J. Med. Chem. 2018. 61(1): p. 360-371."
MOL528,1,1,train,O=C(c1ccc(C=Cc2n[nH]c3ccccc23)cc1)N1CC=[NH+]CC1,2,"Cruciani, G., et al., J. Med. Chem. 2018. 61(1): p. 360-371."
MOL532,0,0,train,O=c1[nH]ncc2ccccc12,2,"Cruciani, G., et al., J. Med. Chem. 2018. 61(1): p. 360-371."
MOL533,0,0,train,O=c1[nH]cnc2[nH]ncc12,2,"Cruciani, G., et al., J. Med. Chem. 2018. 61(1): p. 360-371."
MOL534,1,1,train,O=c1ncccn1[C@@H]1O[C@H](CO)[C@@H](O)[C@H]1O,2,"Cruciani, G., et al., J. Med. Chem. 2018. 61(1): p. 360-371."
MOL535,1,1,train,CCNC(=O)OC1CCN(c2nncc3cc(OC)c(OC)cc23)CC1,3,"Cruciani, G., et al., J. Med. Chem. 2018. 61(1): p. 360-371."
2,0,1,train,CC(C)n1nc(ccc1=O)c1cnc(N)nc1c1ccccc1,4,"Cruciani, G., et al., J. Med. Chem. 2018. 61(1): p. 360-371."
3,0,1,train,Cn1cc(cn1)c1nn2c(Sc3cc4c(cc3)nccc4)nnc2cc1,4,"Cruciani, G., et al., J. Med. Chem. 2018. 61(1): p. 360-371."
4,0,1,train,Cn1cc(cn1)c1nn2c(cc1)nnc2C(F)(F)c1ccc2ncccc2c1,4,"Cruciani, G., et al., J. Med. Chem. 2018. 61(1): p. 360-371."
6,0,1,train,OCCn1cc(cn1)c1nc2c(nnn2Cc2cc3c(cc2)nccc3)nc1,4,"Cruciani, G., et al., J. Med. Chem. 2018. 61(1): p. 360-371."
7,0,1,train,Cn1cc(cn1)c1nn2c(Cc3ccc4ncccc4c3)cnc2cc1,4,"Cruciani, G., et al., J. Med. Chem. 2018. 61(1): p. 360-371."
8,0,0,train,CN(CC1COCC(O)O1)S(=O)(=O)Nc1cc2c(cc1)ccc1c(cc(cn1)c1cn(C)nc1)c2=O,4,"Cruciani, G., et al., J. Med. Chem. 2018. 61(1): p. 360-371."
11,0,1,train,Fc1ccc(cc1)c1nn2c(nnc2C(F)(F)c2ccc3cccnc3c2)nc1,4,"Cruciani, G., et al., J. Med. Chem. 2018. 61(1): p. 360-371."
12,0,0,train,COc1cc2c(cc1)c(OCc1nnc3ccc(nn13)c1ccccc1)ccn2,4,"Cruciani, G., et al., J. Med. Chem. 2018. 61(1): p. 360-371."
13,0,0,train,C[C@]1(CCCN1c1nn2cccc2c(Nc2n[nH]c(c2)C2CC2)n1)C(=O)Nc1ccc(F)nc1,4,"Cruciani, G., et al., J. Med. Chem. 2018. 61(1): p. 360-371."
14,0,0,train,CCOc1c(C(=O)Nc2ccc(Oc3ccnc(N)c3Cl)c(F)c2)c(=O)n(cc1)c1ccc(F)cc1,3,"Cruciani, G., et al., J. Med. Chem. 2018. 61(1): p. 360-371."
15,0,0,train,COc1cc2nccc(Oc3ccc(NC(=O)c4c(C)n(CC(C)(C)O)n(c4=O)c4ccccc4)nc3)c2cc1,4,"Cruciani, G., et al., J. Med. Chem. 2018. 61(1): p. 360-371."
16,0,0,train,Nc1nccc(Oc2ccc(NC(=O)c3c[nH]cc(c3=O)c3ccc(F)cc3)cc2F)c1Cl,2,"Cruciani, G., et al., J. Med. Chem. 2018. 61(1): p. 360-371."
18,0,1,train,Cc1csc(NC(=O)c2cc(Oc3cncnc3)cc(F)c2)n1,2,"Cruciani, G., et al., J. Med. Chem. 2018. 61(1): p. 360-371."
6-Deoxypenciclovir,0,1,train,Nc1nc2c(cn1)ncn2CCC(CO)CO,2,"Cruciani, G., et al., J. Med. Chem. 2018. 61(1): p. 360-371."
Brimonidine,0,1,train,Brc1c(ccc2nccnc12)N=C1NCCN1,3,"Cruciani, G., et al., J. Med. Chem. 2018. 61(1): p. 360-371."
Cabozantinib,0,0,train,COc1c(OC)cc2c(Oc3ccc(NC(=O)C4(CC4)C(=O)Nc4ccc(F)cc4)cc3)ccnc2c1,1,"Cruciani, G., et al., J. Med. Chem. 2018. 61(1): p. 360-371."
Crizotinib,0,0,train,C[C@@H](Oc1cc(cnc1N)c1cn(nc1)C1CCNCC1)c1c(Cl)ccc(F)c1Cl,4,"Cruciani, G., et al., J. Med. Chem. 2018. 61(1): p. 360-371."
DACA,0,1,train,CN(C)CCNC(=O)c1cccc2cc3ccccc3nc12,3,"Cruciani, G., et al., J. Med. Chem. 2018. 61(1): p. 360-371."
Foretinib,0,0,train,COc1c(OCCCN2CCOCC2)cc2nccc(Oc3c(F)cc(NC(=O)C4(CC4)C(=O)Nc4ccc(F)cc4)cc3)c2c1,1,"Cruciani, G., et al., J. Med. Chem. 2018. 61(1): p. 360-371."
Golvatinib,0,0,train,CN1CCN(CC1)C1CCN(CC1)C(=O)Nc1nccc(Oc2cc(F)c(NC(=O)C3(CC3)C(=O)Nc3ccc(F)cc3)cc2)c1,1,"Cruciani, G., et al., J. Med. Chem. 2018. 61(1): p. 360-371."
Glesatinib,0,0,train,Cn1cnc(c1)c1cc2nccc(Oc3ccc(NC(=S)NC(=O)Cc4ccccc4)cc3F)c2s1,2,"Cruciani, G., et al., J. Med. Chem. 2018. 61(1): p. 360-371."
Quinazoline,1,1,train,c1cc2c(cc1)ncnc2,4,"Cruciani, G., et al., J. Med. Chem. 2018. 61(1): p. 360-371."
Zaleplon,0,1,train,CCN(C(=O)C)c1cc(ccc1)c1ccnc2c(cnn12)C#N,2,"Cruciani, G., et al., J. Med. Chem. 2018. 61(1): p. 360-371."
Zoniporide,0,1,train,NC(=N)NC(=O)c1c(C2CC2)n(nc1)c1cccc2c1cccn2,4,"Cruciani, G., et al., J. Med. Chem. 2018. 61(1): p. 360-371."
MOL037,0,0,train,Cc1c[nH]c(=O)[nH]c1=O,0,"Cruciani, G., et al., J. Med. Chem. 2018. 61(1): p. 360-371."
MOL122,0,0,train,Nc1cccc(-c2cc3ccccn3c2)c1,0,"Cruciani, G., et al., J. Med. Chem. 2018. 61(1): p. 360-371."
MOL126,0,0,train,Cc1ccc2cc(-c3cccs3)cn2c1,0,"Cruciani, G., et al., J. Med. Chem. 2018. 61(1): p. 360-371."
MOL142,0,0,train,CC(C)(O)CSc1nccn2ccnc12,0,"Cruciani, G., et al., J. Med. Chem. 2018. 61(1): p. 360-371."
MOL146,0,0,train,COc1ccc(-c2ncc3ccccn23)cc1,0,"Cruciani, G., et al., J. Med. Chem. 2018. 61(1): p. 360-371."
MOL162,0,0,train,COc1ccc(-n2cc3ccccc3c2C)cc1,0,"Cruciani, G., et al., J. Med. Chem. 2018. 61(1): p. 360-371."
MOL169,0,0,train,Cc1cn([C@H]2C[C@H](O)[C@@H](CO)O2)c(=O)[nH]c1=O,0,"Cruciani, G., et al., J. Med. Chem. 2018. 61(1): p. 360-371."
MOL190,0,0,train,O=C(Nc1ccccc1N1CCCC1)c1ccc[nH]1,0,"Cruciani, G., et al., J. Med. Chem. 2018. 61(1): p. 360-371."
MOL200,0,0,train,CCn1cc(C(=O)O)c(=O)c2cc3c(cc21)OCO3,0,"Cruciani, G., et al., J. Med. Chem. 2018. 61(1): p. 360-371."
MOL251,0,0,train,O=C(NN=Cc1c[nH]c2ccccc12)c1cc(O)cc(O)c1,0,"Cruciani, G., et al., J. Med. Chem. 2018. 61(1): p. 360-371."
MOL267,0,0,train,O=C(NCCc1ncc[nH]1)C1COc2ccc(Cl)cc2C1,0,"Cruciani, G., et al., J. Med. Chem. 2018. 61(1): p. 360-371."
MOL278,0,0,train,O=C(NCCCCOc1ccccc1)c1nccn2ccnc12,0,"Cruciani, G., et al., J. Med. Chem. 2018. 61(1): p. 360-371."
MOL292,0,0,train,CCOc1ccc(CCNC(=O)c2cccn2C)cc1OCC,0,"Cruciani, G., et al., J. Med. Chem. 2018. 61(1): p. 360-371."
MOL297,0,0,train,CCn1cc(C(=O)O)c(=O)c2cc(F)c(N3CCNCC3)cc21,0,"Cruciani, G., et al., J. Med. Chem. 2018. 61(1): p. 360-371."
MOL322,0,0,train,COc1ccc2c[nH]c(C3N4CC5(C)CN3CC(C)(C4)C5=O)c2c1,0,"Cruciani, G., et al., J. Med. Chem. 2018. 61(1): p. 360-371."
MOL325,0,0,train,O=C(NCC1CC1)C1CCCN(C(=O)c2nccn3ccnc23)C1,0,"Cruciani, G., et al., J. Med. Chem. 2018. 61(1): p. 360-371."
MOL345,0,0,train,CCOC(=O)c1cn2cc(Br)nc(NC(C)CC)c2n1,0,"Cruciani, G., et al., J. Med. Chem. 2018. 61(1): p. 360-371."
MOL354,0,0,train,O=C(c1nccn2ccnc12)N1CCn2c(Br)cnc2C1,0,"Cruciani, G., et al., J. Med. Chem. 2018. 61(1): p. 360-371."
MOL370,0,0,train,CN1CCN(c2c(F)cc3c(=O)c(C(=O)O)cn4c3c2OCN4C)CC1,0,"Cruciani, G., et al., J. Med. Chem. 2018. 61(1): p. 360-371."
MOL438,0,0,train,O=C1NCCN1CCN1CCC(c2cn(-c3ccc(F)cc3)c3ccc(Cl)cc23)CC1,0,"Cruciani, G., et al., J. Med. Chem. 2018. 61(1): p. 360-371."
MOL450,0,0,train,Cc1nc(Nc2ncc(C(=O)Nc3c(C)cccc3Cl)s2)cc(N2CCN(CCO)CC2)n1,0,"Cruciani, G., et al., J. Med. Chem. 2018. 61(1): p. 360-371."
MOL460,0,0,train,CO[C@H]1C=CO[C@@]2(C)Oc3c(C)c(O)c4c(O)c(c5c(nc6cc(C)ccn65)c4c3C2=O)NC(=O)C(C)=CC=C[C@H](C)[C@H](O)[C@@H](C)[C@@H](O)[C@@H](C)[C@H](OC(C)=O)[C@@H]1C,0,"Cruciani, G., et al., J. Med. Chem. 2018. 61(1): p. 360-371."
MOL504,0,0,train,CN(C)Cc1c[nH]c2ccccc12,0,"Cruciani, G., et al., J. Med. Chem. 2018. 61(1): p. 360-371."
MOL509,0,0,train,Cc1ccc2[nH]cc(CCN(C)C)c2c1,0,"Cruciani, G., et al., J. Med. Chem. 2018. 61(1): p. 360-371."
MOL515,0,0,train,CCCOc1ccc2nc(NC(=O)OC)[nH]c2c1,0,"Cruciani, G., et al., J. Med. Chem. 2018. 61(1): p. 360-371."
MOL518,0,0,train,CCn1nc(C(=O)O)c(=O)c2cc3c(cc21)OCO3,0,"Cruciani, G., et al., J. Med. Chem. 2018. 61(1): p. 360-371."
MOL519,0,0,train,CCc1cccc(NC(=O)c2ccc3cc[nH]c3c2)c1,0,"Cruciani, G., et al., J. Med. Chem. 2018. 61(1): p. 360-371."
MOL521,0,0,train,CN1C2CCC1CC(OC(=O)c1c[nH]c3ccccc13)C2,0,"Cruciani, G., et al., J. Med. Chem. 2018. 61(1): p. 360-371."
MOL524,0,0,train,COC(=O)Nc1nc2cc(C(=O)c3cccs3)ccc2[nH]1,0,"Cruciani, G., et al., J. Med. Chem. 2018. 61(1): p. 360-371."
MOL525,0,0,train,COC(=O)Nc1nc2ccc(C(=O)c3ccc(F)cc3)cc2[nH]1,0,"Cruciani, G., et al., J. Med. Chem. 2018. 61(1): p. 360-371."
MOL527,0,0,train,Cc1nc(Nc2ccc(NC(=O)CC(C)C)cc2)c2cc[nH]c2n1,0,"Cruciani, G., et al., J. Med. Chem. 2018. 61(1): p. 360-371."
MOL529,0,0,train,CC1(C)C(NC(=O)c2nnc3n2CCCC3)C(C)(C)C1Oc1ccc(C#N)c(Cl)c1,0,"Cruciani, G., et al., J. Med. Chem. 2018. 61(1): p. 360-371."
MOL463,0,0,test,COc1ccc(C(F)(F)F)c(NC(=O)NCc2ccccn2)c1,2,"Lepri, S., et al., Proc Natl Acad Sci U S A, 2017. 114(16): p. E3178-e3187."
MOL464,0,0,test,COC(=O)C(C#N)Cc1ccncc1,1,"Lepri, S., et al., Proc Natl Acad Sci U S A, 2017. 114(16): p. E3178-e3187."
MOL465,0,0,test,COc1cc(C(=O)Nc2ncccc2-c2ccccc2)ccc1C(=O)[O-],2,"Lepri, S., et al., Proc Natl Acad Sci U S A, 2017. 114(16): p. E3178-e3187."
MOL466,0,0,test,CN1CCCC1c1cccnc1,3,"Lepri, S., et al., Proc Natl Acad Sci U S A, 2017. 114(16): p. E3178-e3187."
MOL467,0,0,test,O=C1C2ON(c3ccc(Br)cc3)C(c3cccnc3)C2C(=O)N1C1CCCCC1,3,"Lepri, S., et al., Proc Natl Acad Sci U S A, 2017. 114(16): p. E3178-e3187."
MOL468,0,0,test,Cc1cc(NC(=O)c2ccc(C#N)[nH]2)ccc1Oc1ccncc1,1,"Lepri, S., et al., Proc Natl Acad Sci U S A, 2017. 114(16): p. E3178-e3187."
MOL469,0,0,test,Cn1nccc1N1CCC(NC(=O)CCc2cnccn2)CC1,4,"Lepri, S., et al., Proc Natl Acad Sci U S A, 2017. 114(16): p. E3178-e3187."
MOL470,1,1,test,C=C[C@H]1CN2CCC1CC2[C@H](O)c1ccnc2ccc(OC)cc12,2,"Lepri, S., et al., Proc Natl Acad Sci U S A, 2017. 114(16): p. E3178-e3187."
MOL471,0,0,test,C=C[C@H]1CN2CCC1CC2C(OC(=O)CC)c1ccnc2ccc(OC)cc12,2,"Lepri, S., et al., Proc Natl Acad Sci U S A, 2017. 114(16): p. E3178-e3187."
MOL472,1,1,test,C=C[C@H]1CN2CCC1C[C@@H]2[C@H](O)c1ccnc2ccccc12,2,"Lepri, S., et al., Proc Natl Acad Sci U S A, 2017. 114(16): p. E3178-e3187."
MOL473,0,0,test,COc1cc2cc(C)[n+](C(C)C(=O)O)cc2cc1OC,2,"Lepri, S., et al., Proc Natl Acad Sci U S A, 2017. 114(16): p. E3178-e3187."
MOL474,0,1,test,Cn1cc(C2CCC(NC(=O)c3cc(F)cc4nccnc34)C2)cn1,5,"Lepri, S., et al., Proc Natl Acad Sci U S A, 2017. 114(16): p. E3178-e3187."
MOL475,0,1,test,O=c1cnc2ccccc2[nH]1,1,"Lepri, S., et al., Proc Natl Acad Sci U S A, 2017. 114(16): p. E3178-e3187."
MOL476,1,1,test,c1ccc(OCCSc2ncnc3ccccc23)cc1,4,"Lepri, S., et al., Proc Natl Acad Sci U S A, 2017. 114(16): p. E3178-e3187."
MOL477,1,1,test,CCNC(=O)CC1CCN(c2nncc3cc(OC)c(OC)cc23)CC1,3,"Lepri, S., et al., Proc Natl Acad Sci U S A, 2017. 114(16): p. E3178-e3187."
MOL478,1,1,test,CC(CC(=O)Nc1ccnc2ccncc12)CC(=O)C1CCCC1,4,"Lepri, S., et al., Proc Natl Acad Sci U S A, 2017. 114(16): p. E3178-e3187."
MOL479,1,1,test,CC(C(=O)CC1CC1)N1CCN(c2ccnc3ccncc23)CC1,4,"Lepri, S., et al., Proc Natl Acad Sci U S A, 2017. 114(16): p. E3178-e3187."
MOL480,1,1,test,CCCCc1noc(COc2cc3cnccc3nc2C)n1,5,"Lepri, S., et al., Proc Natl Acad Sci U S A, 2017. 114(16): p. E3178-e3187."
MOL481,1,1,test,COc1ccc(-c2cnc3c(=O)[nH]cnc3n2)cc1,2,"Lepri, S., et al., Proc Natl Acad Sci U S A, 2017. 114(16): p. E3178-e3187."
MOL482,0,0,test,COc1ccc(Nc2c(-c3cc4ccccc4[nH]3)nc3cnccn23)cc1OC,1,"Lepri, S., et al., Proc Natl Acad Sci U S A, 2017. 114(16): p. E3178-e3187."
MOL483,0,0,test,COC(=O)c1ccc(Nc2c(-c3ccc(O)cc3)nc3cnccn23)cc1,1,"Lepri, S., et al., Proc Natl Acad Sci U S A, 2017. 114(16): p. E3178-e3187."
MOL484,0,0,test,CCC(C)Nc1cc(Br)cn2cc(C(=O)CCO)nc12,1,"Lepri, S., et al., Proc Natl Acad Sci U S A, 2017. 114(16): p. E3178-e3187."
MOL486,0,0,test,Nc1ncnc2c1ncn2C1OC(CO)C(O)C1O,3,"Lepri, S., et al., Proc Natl Acad Sci U S A, 2017. 114(16): p. E3178-e3187."
MOL487,0,0,test,O=c1[nH]c(=O)c2ncn(C3O[C@H](CO)[C@@H](O)C3O)c2[nH]1,1,"Lepri, S., et al., Proc Natl Acad Sci U S A, 2017. 114(16): p. E3178-e3187."
MOL488,0,0,test,COCCNCCN1C=NC2C1C(=O)NC(=O)N2C,1,"Lepri, S., et al., Proc Natl Acad Sci U S A, 2017. 114(16): p. E3178-e3187."
MOL489,0,0,test,Nc1ncnc2c1nc(S(=O)(=O)O)n2Cc1ccccc1,1,"Lepri, S., et al., Proc Natl Acad Sci U S A, 2017. 114(16): p. E3178-e3187."
MOL490,0,0,test,Cc1cccc2[nH]c3c(SCCC(=O)NC(=O)NCc4ccccc4)nncc3c12,1,"Lepri, S., et al., Proc Natl Acad Sci U S A, 2017. 114(16): p. E3178-e3187."
MOL491,0,0,test,CCOC1CC(CNC(=O)c2cnc3[nH]nc(C)c3c2)C12CCC2,2,"Lepri, S., et al., Proc Natl Acad Sci U S A, 2017. 114(16): p. E3178-e3187."
MOL531,0,0,test,CC(O)CN1C=NC2C1C(=O)N(C)C(=O)N2C,1,"Lepri, S., et al., Proc Natl Acad Sci U S A, 2017. 114(16): p. E3178-e3187."
MOL485,0,0,test,O=C(NCCCCNOc1ccccc1)c1nccn2ccnc12,0,"Lepri, S., et al., Proc Natl Acad Sci U S A, 2017. 114(16): p. E3178-e3187."
28,1,1,externaltest,CC(c1ccc2nccn2c1)n1nnc2ncc(-c3cnn(C)c3)nc21,4,"Jia, H., et al. J. Med. Chem. 2018. 57(18): 7577-7589.

"
A-77-01,1,1,externaltest,Cc1cccc(-c2n[nH]cc2-c2ccnc3ccccc23)n1,4,"Dick, R. A. Drug Metab. Dispos. 2018. 46(6): 846-859."
AMG-337,0,0,externaltest,COCCOc1cnc2cn([C@H](C)c3nnc4c(F)cc(-c5cnn(C)c5)cn34)c(=O)cc2c1,5,"Zhang, J. W., et al. Drug Metab. Dispos. 2018. 46(12): 1847-1855."
AMG-900,1,1,externaltest,Nc1nccc(-c2cccnc2Oc2ccc(Nc3nnc(-c4cccs4)c4ccccc34)cc2)n1,5,"Dick, R. A. Drug Metab. Dispos. 2018. 46(6): 846-859."
AT-9283,0,0,externaltest,O=C(Nc1c[nH]nc1-c1nc2ccc(CN3CCOCC3)cc2[nH]1)NC1CC1,1,"Dick, R. A. Drug Metab. Dispos. 2018. 46(6): 846-859."
Bafetinib,1,1,externaltest,Cc1ccc(NC(=O)c2ccc(CN3CC[C@H](N(C)C)C3)c(C(F)(F)F)c2)cc1Nc1nccc(-c2cncnc2)n1,3,"Dick, R. A. Drug Metab. Dispos. 2018. 46(6): 846-859."
BIBX-1382,1,1,externaltest,CN1CCC(Cc2ncc3ncnc(Nc4ccc(F)c(Cl)c4)c3n2)CC1,2,"Dick, R. A. Drug Metab. Dispos. 2018. 46(6): 846-859."
Bosutinib,0,0,externaltest,COc1cc(Nc2c(C#N)cnc3cc(OCCCN4CCN(C)CC4)c(OC)cc23)c(Cl)cc1Cl,1,"Dick, R. A. Drug Metab. Dispos. 2018. 46(6): 846-859."
Certinib,0,0,externaltest,Cc1cc(Nc2ncc(Cl)c(Nc3ccccc3S(=O)(=O)C(C)C)n2)c(OC(C)C)cc1C1CCNCC1,1,"Dick, R. A. Drug Metab. Dispos. 2018. 46(6): 846-859."
CHIR99021,0,0,externaltest,Cc1cnc(-c2cnc(NCCNc3ccc(C#N)cn3)nc2-c2ccc(Cl)cc2Cl)[nH]1,3,"Dick, R. A. Drug Metab. Dispos. 2018. 46(6): 846-859."
CL-387785,0,1,externaltest,CC#CC(=O)Nc1ccc2ncnc(Nc3cccc(Br)c3)c2c1,3,"Dick, R. A. Drug Metab. Dispos. 2018. 46(6): 846-859."
Duvelisib,0,1,externaltest,C[C@H](Nc1ncnc2[nH]cnc12)c1cc2cccc(Cl)c2c(=O)n1-c1ccccc1,2,"Dick, R. A. Drug Metab. Dispos. 2018. 46(6): 846-859."
GDC-0068,0,0,externaltest,CC(C)NCC(C(=O)C1CCC(c2ncnc3c2[C@H](C)C[C@H]3O)CC1)c1ccc(Cl)cc1,1,"Dick, R. A. Drug Metab. Dispos. 2018. 46(6): 846-859."
INCB28060,1,1,externaltest,CNC(=O)c1ccc(-c2cnc3ncc(Cc4ccc5ncccc5c4)n3n2)cc1F,4,"Dick, R. A. Drug Metab. Dispos. 2018. 46(6): 846-859."
Lapatinib,1,1,externaltest,CS(=O)(=O)CCNCc1ccc(-c2ccc3ncnc(Nc4ccc(OCc5cccc(F)c5)c(Cl)c4)c3c2)o1,3,"Dick, R. A. Drug Metab. Dispos. 2018. 46(6): 846-859."
Lapatinib-M1,1,1,externaltest,CS(=O)(=O)CCNCc1ccc(-c2ccc3ncnc(Nc4ccc(O)c(Cl)c4)c3c2)o1,3,"Dick, R. A. Drug Metab. Dispos. 2018. 46(6): 846-859."
LDN-193189,1,1,externaltest,c1ccc2c(-c3cnn4cc(-c5ccc(N6CCNCC6)cc5)cnc34)ccnc2c1,5,"Dick, R. A. Drug Metab. Dispos. 2018. 46(6): 846-859."
LDN-211904,0,0,externaltest,O=C(Nc1ccccc1Cl)c1cnc2ccc(C3CCNCC3)cn12,1,"Dick, R. A. Drug Metab. Dispos. 2018. 46(6): 846-859."
Linsitinib,0,0,externaltest,C[C@]1(O)C[C@@H](c2nc(-c3ccc4ccc(-c5ccccc5)nc4c3)c3c(N)nccn32)C1,1,"Dick, R. A. Drug Metab. Dispos. 2018. 46(6): 846-859."
ML-347,1,1,externaltest,COc1ccc(-c2cnc3c(-c4ccnc5ccccc45)cnn3c2)cc1,5,"Dick, R. A. Drug Metab. Dispos. 2018. 46(6): 846-859."
Neratinib,0,0,externaltest,CCOc1cc2ncc(C#N)c(Nc3ccc(OCc4ccccn4)c(Cl)c3)c2cc1NC(=O)/C=C/CN(C)C,3,"Dick, R. A. Drug Metab. Dispos. 2018. 46(6): 846-859."
Oclacitinib,0,0,externaltest,CNS(=O)(=O)CC1CCC(N(C)c2ncnc3[nH]ccc23)CC1,1,"Dick, R. A. Drug Metab. Dispos. 2018. 46(6): 846-859."
OMO-1,1,0,externaltest,FC(F)(c1ccc2ncccc2c1)c1nnc2ccc(-c3ccncc3)nn12,6,"Zhang, J. W., et al. Drug Metab. Dispos. 2018. 46(12): 1847-1855."
OSI-027,0,0,externaltest,COc1cccc2cc(-c3nc([C@H]4CC[C@H](C(=O)O)CC4)n4ncnc(N)c34)[nH]c12,1,"Dick, R. A. Drug Metab. Dispos. 2018. 46(6): 846-859."
Ruxolitinib,0,0,externaltest,N#CC[C@H](C1CCCC1)n1cc(-c2ncnc3[nH]ccc23)cn1,3,"Dick, R. A. Drug Metab. Dispos. 2018. 46(6): 846-859."
Savolitinib,0,0,externaltest,C[C@@H](c1ccn2ccnc2c1)n1nnc2ncc(-c3cnn(C)c3)nc21,3,"Zhang, J. W., et al. Drug Metab. Dispos. 2018. 46(12): 1847-1855."
SB-525334,1,1,externaltest,Cc1cccc(-c2[nH]c(C(C)(C)C)nc2-c2ccc3nccnc3c2)n1,4,"Dick, R. A. Drug Metab. Dispos. 2018. 46(6): 846-859."
SGI-1776,0,0,externaltest,CN1CCC(CNc2ccc3ncc(-c4cccc(OC(F)(F)F)c4)n3n2)CC1,2,"Dick, R. A. Drug Metab. Dispos. 2018. 46(6): 846-859."
THZ1,0,0,externaltest,CN(C)C/C=C/C(=O)Nc1ccc(C(=O)Nc2cccc(Nc3ncc(Cl)c(-c4c[nH]c5ccccc45)n3)c2)cc1,1,"Dick, R. A. Drug Metab. Dispos. 2018. 46(6): 846-859."
Vatalanib,0,0,externaltest,Clc1ccc(Nc2nnc(Cc3ccncc3)c3ccccc23)cc1,3,"Dick, R. A. Drug Metab. Dispos. 2018. 46(6): 846-859."
